2025-12-05 00:11:23 [restartedMain] INFO  c.c.R.ResumeEmailSenderApplication - Starting ResumeEmailSenderApplication using Java 17.0.5 with PID 28304 (C:\Users\chand\Desktop\JavaDev\Practices\Projects\Automatic-Email-Sender-Hr\target\classes started by chand in C:\Users\chand\Desktop\JavaDev\Practices\Projects\Automatic-Email-Sender-Hr)
2025-12-05 00:11:23 [restartedMain] INFO  c.c.R.ResumeEmailSenderApplication - No active profile set, falling back to 1 default profile: "default"
2025-12-05 00:11:23 [restartedMain] INFO  o.s.b.d.e.DevToolsPropertyDefaultsPostProcessor - Devtools property defaults active! Set 'spring.devtools.add-properties' to 'false' to disable
2025-12-05 00:11:23 [restartedMain] INFO  o.s.b.d.e.DevToolsPropertyDefaultsPostProcessor - For additional web related logging consider setting the 'logging.level.web' property to 'DEBUG'
2025-12-05 00:11:24 [restartedMain] INFO  o.s.b.w.e.tomcat.TomcatWebServer - Tomcat initialized with port 8080 (http)
2025-12-05 00:11:24 [restartedMain] INFO  o.a.catalina.core.StandardService - Starting service [Tomcat]
2025-12-05 00:11:24 [restartedMain] INFO  o.a.catalina.core.StandardEngine - Starting Servlet engine: [Apache Tomcat/10.1.34]
2025-12-05 00:11:24 [restartedMain] INFO  o.a.c.c.C.[Tomcat].[localhost].[/] - Initializing Spring embedded WebApplicationContext
2025-12-05 00:11:24 [restartedMain] INFO  o.s.b.w.s.c.ServletWebServerApplicationContext - Root WebApplicationContext: initialization completed in 1443 ms
2025-12-05 00:11:25 [restartedMain] INFO  org.quartz.impl.StdSchedulerFactory - Using default implementation for ThreadExecutor
2025-12-05 00:11:25 [restartedMain] INFO  o.quartz.core.SchedulerSignalerImpl - Initialized Scheduler Signaller of type: class org.quartz.core.SchedulerSignalerImpl
2025-12-05 00:11:25 [restartedMain] INFO  org.quartz.core.QuartzScheduler - Quartz Scheduler v.2.3.2 created.
2025-12-05 00:11:25 [restartedMain] INFO  org.quartz.simpl.RAMJobStore - RAMJobStore initialized.
2025-12-05 00:11:25 [restartedMain] INFO  org.quartz.core.QuartzScheduler - Scheduler meta-data: Quartz Scheduler (v2.3.2) 'quartzScheduler' with instanceId 'NON_CLUSTERED'
  Scheduler class: 'org.quartz.core.QuartzScheduler' - running locally.
  NOT STARTED.
  Currently in standby mode.
  Number of jobs executed: 0
  Using thread pool 'org.quartz.simpl.SimpleThreadPool' - with 10 threads.
  Using job-store 'org.quartz.simpl.RAMJobStore' - which does not support persistence. and is not clustered.

2025-12-05 00:11:25 [restartedMain] INFO  org.quartz.impl.StdSchedulerFactory - Quartz scheduler 'quartzScheduler' initialized from an externally provided properties instance.
2025-12-05 00:11:25 [restartedMain] INFO  org.quartz.impl.StdSchedulerFactory - Quartz scheduler version: 2.3.2
2025-12-05 00:11:25 [restartedMain] INFO  org.quartz.core.QuartzScheduler - JobFactory set to: org.springframework.scheduling.quartz.SpringBeanJobFactory@45c0c4b8
2025-12-05 00:11:25 [restartedMain] INFO  o.s.b.d.a.OptionalLiveReloadServer - LiveReload server is running on port 35729
2025-12-05 00:11:25 [restartedMain] INFO  o.s.b.a.e.web.EndpointLinksResolver - Exposing 1 endpoint beneath base path '/actuator'
2025-12-05 00:11:25 [restartedMain] INFO  o.s.b.w.e.tomcat.TomcatWebServer - Tomcat started on port 8080 (http) with context path '/'
2025-12-05 00:11:25 [restartedMain] INFO  o.s.s.quartz.SchedulerFactoryBean - Starting Quartz Scheduler now
2025-12-05 00:11:25 [restartedMain] INFO  org.quartz.core.QuartzScheduler - Scheduler quartzScheduler_$_NON_CLUSTERED started.
2025-12-05 00:11:25 [restartedMain] INFO  c.c.R.ResumeEmailSenderApplication - Started ResumeEmailSenderApplication in 3.235 seconds (process running for 3.683)
2025-12-05 00:11:25 [scheduling-1] INFO  c.c.R.service.ExcelReaderService - Reading HR details from Excel: C:/Users/chand/Desktop/JavaDev/Practice/Projects/Automatic-Email-Sender-Hr/uploads/hr.xlsx
2025-12-05 00:11:25 [scheduling-1] ERROR c.c.R.service.ExcelReaderService - Error reading Excel file: C:\Users\chand\Desktop\JavaDev\Practice\Projects\Automatic-Email-Sender-Hr\uploads\hr.xlsx (The system cannot find the path specified)
2025-12-05 00:11:25 [scheduling-1] ERROR o.s.s.s.TaskUtils$LoggingErrorHandler - Unexpected error occurred in scheduled task
java.lang.RuntimeException: Could not read Excel file
	at com.chandu.ResumeEmailSender.service.ExcelReaderService.readHrDetails(ExcelReaderService.java:61)
	at com.chandu.ResumeEmailSender.schedulars.EmailSchedulerService.initialize(EmailSchedulerService.java:41)
	at com.chandu.ResumeEmailSender.schedulars.EmailSchedulerService.sendNextEmail(EmailSchedulerService.java:57)
	at java.base/jdk.internal.reflect.NativeMethodAccessorImpl.invoke0(Native Method)
	at java.base/jdk.internal.reflect.NativeMethodAccessorImpl.invoke(NativeMethodAccessorImpl.java:77)
	at java.base/jdk.internal.reflect.DelegatingMethodAccessorImpl.invoke(DelegatingMethodAccessorImpl.java:43)
	at java.base/java.lang.reflect.Method.invoke(Method.java:568)
	at org.springframework.scheduling.support.ScheduledMethodRunnable.runInternal(ScheduledMethodRunnable.java:130)
	at org.springframework.scheduling.support.ScheduledMethodRunnable.lambda$run$2(ScheduledMethodRunnable.java:124)
	at io.micrometer.observation.Observation.observe(Observation.java:498)
	at org.springframework.scheduling.support.ScheduledMethodRunnable.run(ScheduledMethodRunnable.java:124)
	at org.springframework.scheduling.config.Task$OutcomeTrackingRunnable.run(Task.java:85)
	at org.springframework.scheduling.support.DelegatingErrorHandlingRunnable.run(DelegatingErrorHandlingRunnable.java:54)
	at java.base/java.util.concurrent.Executors$RunnableAdapter.call(Executors.java:539)
	at java.base/java.util.concurrent.FutureTask.runAndReset(FutureTask.java:305)
	at java.base/java.util.concurrent.ScheduledThreadPoolExecutor$ScheduledFutureTask.run(ScheduledThreadPoolExecutor.java:305)
	at java.base/java.util.concurrent.ThreadPoolExecutor.runWorker(ThreadPoolExecutor.java:1136)
	at java.base/java.util.concurrent.ThreadPoolExecutor$Worker.run(ThreadPoolExecutor.java:635)
	at java.base/java.lang.Thread.run(Thread.java:833)
Caused by: java.io.FileNotFoundException: C:\Users\chand\Desktop\JavaDev\Practice\Projects\Automatic-Email-Sender-Hr\uploads\hr.xlsx (The system cannot find the path specified)
	at java.base/java.io.FileInputStream.open0(Native Method)
	at java.base/java.io.FileInputStream.open(FileInputStream.java:216)
	at java.base/java.io.FileInputStream.<init>(FileInputStream.java:157)
	at java.base/java.io.FileInputStream.<init>(FileInputStream.java:111)
	at com.chandu.ResumeEmailSender.service.ExcelReaderService.readHrDetails(ExcelReaderService.java:29)
	... 18 common frames omitted
2025-12-05 00:11:30 [scheduling-1] INFO  c.c.R.service.ExcelReaderService - Reading HR details from Excel: C:/Users/chand/Desktop/JavaDev/Practice/Projects/Automatic-Email-Sender-Hr/uploads/hr.xlsx
2025-12-05 00:11:30 [scheduling-1] ERROR c.c.R.service.ExcelReaderService - Error reading Excel file: C:\Users\chand\Desktop\JavaDev\Practice\Projects\Automatic-Email-Sender-Hr\uploads\hr.xlsx (The system cannot find the path specified)
2025-12-05 00:11:30 [scheduling-1] ERROR o.s.s.s.TaskUtils$LoggingErrorHandler - Unexpected error occurred in scheduled task
java.lang.RuntimeException: Could not read Excel file
	at com.chandu.ResumeEmailSender.service.ExcelReaderService.readHrDetails(ExcelReaderService.java:61)
	at com.chandu.ResumeEmailSender.schedulars.EmailSchedulerService.initialize(EmailSchedulerService.java:41)
	at com.chandu.ResumeEmailSender.schedulars.EmailSchedulerService.sendNextEmail(EmailSchedulerService.java:57)
	at java.base/jdk.internal.reflect.NativeMethodAccessorImpl.invoke0(Native Method)
	at java.base/jdk.internal.reflect.NativeMethodAccessorImpl.invoke(NativeMethodAccessorImpl.java:77)
	at java.base/jdk.internal.reflect.DelegatingMethodAccessorImpl.invoke(DelegatingMethodAccessorImpl.java:43)
	at java.base/java.lang.reflect.Method.invoke(Method.java:568)
	at org.springframework.scheduling.support.ScheduledMethodRunnable.runInternal(ScheduledMethodRunnable.java:130)
	at org.springframework.scheduling.support.ScheduledMethodRunnable.lambda$run$2(ScheduledMethodRunnable.java:124)
	at io.micrometer.observation.Observation.observe(Observation.java:498)
	at org.springframework.scheduling.support.ScheduledMethodRunnable.run(ScheduledMethodRunnable.java:124)
	at org.springframework.scheduling.config.Task$OutcomeTrackingRunnable.run(Task.java:85)
	at org.springframework.scheduling.support.DelegatingErrorHandlingRunnable.run(DelegatingErrorHandlingRunnable.java:54)
	at java.base/java.util.concurrent.Executors$RunnableAdapter.call(Executors.java:539)
	at java.base/java.util.concurrent.FutureTask.runAndReset(FutureTask.java:305)
	at java.base/java.util.concurrent.ScheduledThreadPoolExecutor$ScheduledFutureTask.run(ScheduledThreadPoolExecutor.java:305)
	at java.base/java.util.concurrent.ThreadPoolExecutor.runWorker(ThreadPoolExecutor.java:1136)
	at java.base/java.util.concurrent.ThreadPoolExecutor$Worker.run(ThreadPoolExecutor.java:635)
	at java.base/java.lang.Thread.run(Thread.java:833)
Caused by: java.io.FileNotFoundException: C:\Users\chand\Desktop\JavaDev\Practice\Projects\Automatic-Email-Sender-Hr\uploads\hr.xlsx (The system cannot find the path specified)
	at java.base/java.io.FileInputStream.open0(Native Method)
	at java.base/java.io.FileInputStream.open(FileInputStream.java:216)
	at java.base/java.io.FileInputStream.<init>(FileInputStream.java:157)
	at java.base/java.io.FileInputStream.<init>(FileInputStream.java:111)
	at com.chandu.ResumeEmailSender.service.ExcelReaderService.readHrDetails(ExcelReaderService.java:29)
	... 18 common frames omitted
2025-12-05 00:11:35 [scheduling-1] INFO  c.c.R.service.ExcelReaderService - Reading HR details from Excel: C:/Users/chand/Desktop/JavaDev/Practice/Projects/Automatic-Email-Sender-Hr/uploads/hr.xlsx
2025-12-05 00:11:35 [scheduling-1] ERROR c.c.R.service.ExcelReaderService - Error reading Excel file: C:\Users\chand\Desktop\JavaDev\Practice\Projects\Automatic-Email-Sender-Hr\uploads\hr.xlsx (The system cannot find the path specified)
2025-12-05 00:11:35 [scheduling-1] ERROR o.s.s.s.TaskUtils$LoggingErrorHandler - Unexpected error occurred in scheduled task
java.lang.RuntimeException: Could not read Excel file
	at com.chandu.ResumeEmailSender.service.ExcelReaderService.readHrDetails(ExcelReaderService.java:61)
	at com.chandu.ResumeEmailSender.schedulars.EmailSchedulerService.initialize(EmailSchedulerService.java:41)
	at com.chandu.ResumeEmailSender.schedulars.EmailSchedulerService.sendNextEmail(EmailSchedulerService.java:57)
	at java.base/jdk.internal.reflect.NativeMethodAccessorImpl.invoke0(Native Method)
	at java.base/jdk.internal.reflect.NativeMethodAccessorImpl.invoke(NativeMethodAccessorImpl.java:77)
	at java.base/jdk.internal.reflect.DelegatingMethodAccessorImpl.invoke(DelegatingMethodAccessorImpl.java:43)
	at java.base/java.lang.reflect.Method.invoke(Method.java:568)
	at org.springframework.scheduling.support.ScheduledMethodRunnable.runInternal(ScheduledMethodRunnable.java:130)
	at org.springframework.scheduling.support.ScheduledMethodRunnable.lambda$run$2(ScheduledMethodRunnable.java:124)
	at io.micrometer.observation.Observation.observe(Observation.java:498)
	at org.springframework.scheduling.support.ScheduledMethodRunnable.run(ScheduledMethodRunnable.java:124)
	at org.springframework.scheduling.config.Task$OutcomeTrackingRunnable.run(Task.java:85)
	at org.springframework.scheduling.support.DelegatingErrorHandlingRunnable.run(DelegatingErrorHandlingRunnable.java:54)
	at java.base/java.util.concurrent.Executors$RunnableAdapter.call(Executors.java:539)
	at java.base/java.util.concurrent.FutureTask.runAndReset(FutureTask.java:305)
	at java.base/java.util.concurrent.ScheduledThreadPoolExecutor$ScheduledFutureTask.run(ScheduledThreadPoolExecutor.java:305)
	at java.base/java.util.concurrent.ThreadPoolExecutor.runWorker(ThreadPoolExecutor.java:1136)
	at java.base/java.util.concurrent.ThreadPoolExecutor$Worker.run(ThreadPoolExecutor.java:635)
	at java.base/java.lang.Thread.run(Thread.java:833)
Caused by: java.io.FileNotFoundException: C:\Users\chand\Desktop\JavaDev\Practice\Projects\Automatic-Email-Sender-Hr\uploads\hr.xlsx (The system cannot find the path specified)
	at java.base/java.io.FileInputStream.open0(Native Method)
	at java.base/java.io.FileInputStream.open(FileInputStream.java:216)
	at java.base/java.io.FileInputStream.<init>(FileInputStream.java:157)
	at java.base/java.io.FileInputStream.<init>(FileInputStream.java:111)
	at com.chandu.ResumeEmailSender.service.ExcelReaderService.readHrDetails(ExcelReaderService.java:29)
	... 18 common frames omitted
2025-12-05 00:11:40 [scheduling-1] INFO  c.c.R.service.ExcelReaderService - Reading HR details from Excel: C:/Users/chand/Desktop/JavaDev/Practice/Projects/Automatic-Email-Sender-Hr/uploads/hr.xlsx
2025-12-05 00:11:40 [scheduling-1] ERROR c.c.R.service.ExcelReaderService - Error reading Excel file: C:\Users\chand\Desktop\JavaDev\Practice\Projects\Automatic-Email-Sender-Hr\uploads\hr.xlsx (The system cannot find the path specified)
2025-12-05 00:11:40 [scheduling-1] ERROR o.s.s.s.TaskUtils$LoggingErrorHandler - Unexpected error occurred in scheduled task
java.lang.RuntimeException: Could not read Excel file
	at com.chandu.ResumeEmailSender.service.ExcelReaderService.readHrDetails(ExcelReaderService.java:61)
	at com.chandu.ResumeEmailSender.schedulars.EmailSchedulerService.initialize(EmailSchedulerService.java:41)
	at com.chandu.ResumeEmailSender.schedulars.EmailSchedulerService.sendNextEmail(EmailSchedulerService.java:57)
	at java.base/jdk.internal.reflect.NativeMethodAccessorImpl.invoke0(Native Method)
	at java.base/jdk.internal.reflect.NativeMethodAccessorImpl.invoke(NativeMethodAccessorImpl.java:77)
	at java.base/jdk.internal.reflect.DelegatingMethodAccessorImpl.invoke(DelegatingMethodAccessorImpl.java:43)
	at java.base/java.lang.reflect.Method.invoke(Method.java:568)
	at org.springframework.scheduling.support.ScheduledMethodRunnable.runInternal(ScheduledMethodRunnable.java:130)
	at org.springframework.scheduling.support.ScheduledMethodRunnable.lambda$run$2(ScheduledMethodRunnable.java:124)
	at io.micrometer.observation.Observation.observe(Observation.java:498)
	at org.springframework.scheduling.support.ScheduledMethodRunnable.run(ScheduledMethodRunnable.java:124)
	at org.springframework.scheduling.config.Task$OutcomeTrackingRunnable.run(Task.java:85)
	at org.springframework.scheduling.support.DelegatingErrorHandlingRunnable.run(DelegatingErrorHandlingRunnable.java:54)
	at java.base/java.util.concurrent.Executors$RunnableAdapter.call(Executors.java:539)
	at java.base/java.util.concurrent.FutureTask.runAndReset(FutureTask.java:305)
	at java.base/java.util.concurrent.ScheduledThreadPoolExecutor$ScheduledFutureTask.run(ScheduledThreadPoolExecutor.java:305)
	at java.base/java.util.concurrent.ThreadPoolExecutor.runWorker(ThreadPoolExecutor.java:1136)
	at java.base/java.util.concurrent.ThreadPoolExecutor$Worker.run(ThreadPoolExecutor.java:635)
	at java.base/java.lang.Thread.run(Thread.java:833)
Caused by: java.io.FileNotFoundException: C:\Users\chand\Desktop\JavaDev\Practice\Projects\Automatic-Email-Sender-Hr\uploads\hr.xlsx (The system cannot find the path specified)
	at java.base/java.io.FileInputStream.open0(Native Method)
	at java.base/java.io.FileInputStream.open(FileInputStream.java:216)
	at java.base/java.io.FileInputStream.<init>(FileInputStream.java:157)
	at java.base/java.io.FileInputStream.<init>(FileInputStream.java:111)
	at com.chandu.ResumeEmailSender.service.ExcelReaderService.readHrDetails(ExcelReaderService.java:29)
	... 18 common frames omitted
2025-12-05 00:11:45 [scheduling-1] INFO  c.c.R.service.ExcelReaderService - Reading HR details from Excel: C:/Users/chand/Desktop/JavaDev/Practice/Projects/Automatic-Email-Sender-Hr/uploads/hr.xlsx
2025-12-05 00:11:45 [scheduling-1] ERROR c.c.R.service.ExcelReaderService - Error reading Excel file: C:\Users\chand\Desktop\JavaDev\Practice\Projects\Automatic-Email-Sender-Hr\uploads\hr.xlsx (The system cannot find the path specified)
2025-12-05 00:11:46 [scheduling-1] ERROR o.s.s.s.TaskUtils$LoggingErrorHandler - Unexpected error occurred in scheduled task
java.lang.RuntimeException: Could not read Excel file
	at com.chandu.ResumeEmailSender.service.ExcelReaderService.readHrDetails(ExcelReaderService.java:61)
	at com.chandu.ResumeEmailSender.schedulars.EmailSchedulerService.initialize(EmailSchedulerService.java:41)
	at com.chandu.ResumeEmailSender.schedulars.EmailSchedulerService.sendNextEmail(EmailSchedulerService.java:57)
	at java.base/jdk.internal.reflect.NativeMethodAccessorImpl.invoke0(Native Method)
	at java.base/jdk.internal.reflect.NativeMethodAccessorImpl.invoke(NativeMethodAccessorImpl.java:77)
	at java.base/jdk.internal.reflect.DelegatingMethodAccessorImpl.invoke(DelegatingMethodAccessorImpl.java:43)
	at java.base/java.lang.reflect.Method.invoke(Method.java:568)
	at org.springframework.scheduling.support.ScheduledMethodRunnable.runInternal(ScheduledMethodRunnable.java:130)
	at org.springframework.scheduling.support.ScheduledMethodRunnable.lambda$run$2(ScheduledMethodRunnable.java:124)
	at io.micrometer.observation.Observation.observe(Observation.java:498)
	at org.springframework.scheduling.support.ScheduledMethodRunnable.run(ScheduledMethodRunnable.java:124)
	at org.springframework.scheduling.config.Task$OutcomeTrackingRunnable.run(Task.java:85)
	at org.springframework.scheduling.support.DelegatingErrorHandlingRunnable.run(DelegatingErrorHandlingRunnable.java:54)
	at java.base/java.util.concurrent.Executors$RunnableAdapter.call(Executors.java:539)
	at java.base/java.util.concurrent.FutureTask.runAndReset(FutureTask.java:305)
	at java.base/java.util.concurrent.ScheduledThreadPoolExecutor$ScheduledFutureTask.run(ScheduledThreadPoolExecutor.java:305)
	at java.base/java.util.concurrent.ThreadPoolExecutor.runWorker(ThreadPoolExecutor.java:1136)
	at java.base/java.util.concurrent.ThreadPoolExecutor$Worker.run(ThreadPoolExecutor.java:635)
	at java.base/java.lang.Thread.run(Thread.java:833)
Caused by: java.io.FileNotFoundException: C:\Users\chand\Desktop\JavaDev\Practice\Projects\Automatic-Email-Sender-Hr\uploads\hr.xlsx (The system cannot find the path specified)
	at java.base/java.io.FileInputStream.open0(Native Method)
	at java.base/java.io.FileInputStream.open(FileInputStream.java:216)
	at java.base/java.io.FileInputStream.<init>(FileInputStream.java:157)
	at java.base/java.io.FileInputStream.<init>(FileInputStream.java:111)
	at com.chandu.ResumeEmailSender.service.ExcelReaderService.readHrDetails(ExcelReaderService.java:29)
	... 18 common frames omitted
2025-12-05 00:11:51 [scheduling-1] INFO  c.c.R.service.ExcelReaderService - Reading HR details from Excel: C:/Users/chand/Desktop/JavaDev/Practice/Projects/Automatic-Email-Sender-Hr/uploads/hr.xlsx
2025-12-05 00:11:51 [scheduling-1] ERROR c.c.R.service.ExcelReaderService - Error reading Excel file: C:\Users\chand\Desktop\JavaDev\Practice\Projects\Automatic-Email-Sender-Hr\uploads\hr.xlsx (The system cannot find the path specified)
2025-12-05 00:11:51 [scheduling-1] ERROR o.s.s.s.TaskUtils$LoggingErrorHandler - Unexpected error occurred in scheduled task
java.lang.RuntimeException: Could not read Excel file
	at com.chandu.ResumeEmailSender.service.ExcelReaderService.readHrDetails(ExcelReaderService.java:61)
	at com.chandu.ResumeEmailSender.schedulars.EmailSchedulerService.initialize(EmailSchedulerService.java:41)
	at com.chandu.ResumeEmailSender.schedulars.EmailSchedulerService.sendNextEmail(EmailSchedulerService.java:57)
	at java.base/jdk.internal.reflect.NativeMethodAccessorImpl.invoke0(Native Method)
	at java.base/jdk.internal.reflect.NativeMethodAccessorImpl.invoke(NativeMethodAccessorImpl.java:77)
	at java.base/jdk.internal.reflect.DelegatingMethodAccessorImpl.invoke(DelegatingMethodAccessorImpl.java:43)
	at java.base/java.lang.reflect.Method.invoke(Method.java:568)
	at org.springframework.scheduling.support.ScheduledMethodRunnable.runInternal(ScheduledMethodRunnable.java:130)
	at org.springframework.scheduling.support.ScheduledMethodRunnable.lambda$run$2(ScheduledMethodRunnable.java:124)
	at io.micrometer.observation.Observation.observe(Observation.java:498)
	at org.springframework.scheduling.support.ScheduledMethodRunnable.run(ScheduledMethodRunnable.java:124)
	at org.springframework.scheduling.config.Task$OutcomeTrackingRunnable.run(Task.java:85)
	at org.springframework.scheduling.support.DelegatingErrorHandlingRunnable.run(DelegatingErrorHandlingRunnable.java:54)
	at java.base/java.util.concurrent.Executors$RunnableAdapter.call(Executors.java:539)
	at java.base/java.util.concurrent.FutureTask.runAndReset(FutureTask.java:305)
	at java.base/java.util.concurrent.ScheduledThreadPoolExecutor$ScheduledFutureTask.run(ScheduledThreadPoolExecutor.java:305)
	at java.base/java.util.concurrent.ThreadPoolExecutor.runWorker(ThreadPoolExecutor.java:1136)
	at java.base/java.util.concurrent.ThreadPoolExecutor$Worker.run(ThreadPoolExecutor.java:635)
	at java.base/java.lang.Thread.run(Thread.java:833)
Caused by: java.io.FileNotFoundException: C:\Users\chand\Desktop\JavaDev\Practice\Projects\Automatic-Email-Sender-Hr\uploads\hr.xlsx (The system cannot find the path specified)
	at java.base/java.io.FileInputStream.open0(Native Method)
	at java.base/java.io.FileInputStream.open(FileInputStream.java:216)
	at java.base/java.io.FileInputStream.<init>(FileInputStream.java:157)
	at java.base/java.io.FileInputStream.<init>(FileInputStream.java:111)
	at com.chandu.ResumeEmailSender.service.ExcelReaderService.readHrDetails(ExcelReaderService.java:29)
	... 18 common frames omitted
2025-12-05 00:11:56 [scheduling-1] INFO  c.c.R.service.ExcelReaderService - Reading HR details from Excel: C:/Users/chand/Desktop/JavaDev/Practice/Projects/Automatic-Email-Sender-Hr/uploads/hr.xlsx
2025-12-05 00:11:56 [scheduling-1] ERROR c.c.R.service.ExcelReaderService - Error reading Excel file: C:\Users\chand\Desktop\JavaDev\Practice\Projects\Automatic-Email-Sender-Hr\uploads\hr.xlsx (The system cannot find the path specified)
2025-12-05 00:11:56 [scheduling-1] ERROR o.s.s.s.TaskUtils$LoggingErrorHandler - Unexpected error occurred in scheduled task
java.lang.RuntimeException: Could not read Excel file
	at com.chandu.ResumeEmailSender.service.ExcelReaderService.readHrDetails(ExcelReaderService.java:61)
	at com.chandu.ResumeEmailSender.schedulars.EmailSchedulerService.initialize(EmailSchedulerService.java:41)
	at com.chandu.ResumeEmailSender.schedulars.EmailSchedulerService.sendNextEmail(EmailSchedulerService.java:57)
	at java.base/jdk.internal.reflect.NativeMethodAccessorImpl.invoke0(Native Method)
	at java.base/jdk.internal.reflect.NativeMethodAccessorImpl.invoke(NativeMethodAccessorImpl.java:77)
	at java.base/jdk.internal.reflect.DelegatingMethodAccessorImpl.invoke(DelegatingMethodAccessorImpl.java:43)
	at java.base/java.lang.reflect.Method.invoke(Method.java:568)
	at org.springframework.scheduling.support.ScheduledMethodRunnable.runInternal(ScheduledMethodRunnable.java:130)
	at org.springframework.scheduling.support.ScheduledMethodRunnable.lambda$run$2(ScheduledMethodRunnable.java:124)
	at io.micrometer.observation.Observation.observe(Observation.java:498)
	at org.springframework.scheduling.support.ScheduledMethodRunnable.run(ScheduledMethodRunnable.java:124)
	at org.springframework.scheduling.config.Task$OutcomeTrackingRunnable.run(Task.java:85)
	at org.springframework.scheduling.support.DelegatingErrorHandlingRunnable.run(DelegatingErrorHandlingRunnable.java:54)
	at java.base/java.util.concurrent.Executors$RunnableAdapter.call(Executors.java:539)
	at java.base/java.util.concurrent.FutureTask.runAndReset(FutureTask.java:305)
	at java.base/java.util.concurrent.ScheduledThreadPoolExecutor$ScheduledFutureTask.run(ScheduledThreadPoolExecutor.java:305)
	at java.base/java.util.concurrent.ThreadPoolExecutor.runWorker(ThreadPoolExecutor.java:1136)
	at java.base/java.util.concurrent.ThreadPoolExecutor$Worker.run(ThreadPoolExecutor.java:635)
	at java.base/java.lang.Thread.run(Thread.java:833)
Caused by: java.io.FileNotFoundException: C:\Users\chand\Desktop\JavaDev\Practice\Projects\Automatic-Email-Sender-Hr\uploads\hr.xlsx (The system cannot find the path specified)
	at java.base/java.io.FileInputStream.open0(Native Method)
	at java.base/java.io.FileInputStream.open(FileInputStream.java:216)
	at java.base/java.io.FileInputStream.<init>(FileInputStream.java:157)
	at java.base/java.io.FileInputStream.<init>(FileInputStream.java:111)
	at com.chandu.ResumeEmailSender.service.ExcelReaderService.readHrDetails(ExcelReaderService.java:29)
	... 18 common frames omitted
2025-12-05 00:12:01 [scheduling-1] INFO  c.c.R.service.ExcelReaderService - Reading HR details from Excel: C:/Users/chand/Desktop/JavaDev/Practice/Projects/Automatic-Email-Sender-Hr/uploads/hr.xlsx
2025-12-05 00:12:01 [scheduling-1] ERROR c.c.R.service.ExcelReaderService - Error reading Excel file: C:\Users\chand\Desktop\JavaDev\Practice\Projects\Automatic-Email-Sender-Hr\uploads\hr.xlsx (The system cannot find the path specified)
2025-12-05 00:12:01 [scheduling-1] ERROR o.s.s.s.TaskUtils$LoggingErrorHandler - Unexpected error occurred in scheduled task
java.lang.RuntimeException: Could not read Excel file
	at com.chandu.ResumeEmailSender.service.ExcelReaderService.readHrDetails(ExcelReaderService.java:61)
	at com.chandu.ResumeEmailSender.schedulars.EmailSchedulerService.initialize(EmailSchedulerService.java:41)
	at com.chandu.ResumeEmailSender.schedulars.EmailSchedulerService.sendNextEmail(EmailSchedulerService.java:57)
	at java.base/jdk.internal.reflect.NativeMethodAccessorImpl.invoke0(Native Method)
	at java.base/jdk.internal.reflect.NativeMethodAccessorImpl.invoke(NativeMethodAccessorImpl.java:77)
	at java.base/jdk.internal.reflect.DelegatingMethodAccessorImpl.invoke(DelegatingMethodAccessorImpl.java:43)
	at java.base/java.lang.reflect.Method.invoke(Method.java:568)
	at org.springframework.scheduling.support.ScheduledMethodRunnable.runInternal(ScheduledMethodRunnable.java:130)
	at org.springframework.scheduling.support.ScheduledMethodRunnable.lambda$run$2(ScheduledMethodRunnable.java:124)
	at io.micrometer.observation.Observation.observe(Observation.java:498)
	at org.springframework.scheduling.support.ScheduledMethodRunnable.run(ScheduledMethodRunnable.java:124)
	at org.springframework.scheduling.config.Task$OutcomeTrackingRunnable.run(Task.java:85)
	at org.springframework.scheduling.support.DelegatingErrorHandlingRunnable.run(DelegatingErrorHandlingRunnable.java:54)
	at java.base/java.util.concurrent.Executors$RunnableAdapter.call(Executors.java:539)
	at java.base/java.util.concurrent.FutureTask.runAndReset(FutureTask.java:305)
	at java.base/java.util.concurrent.ScheduledThreadPoolExecutor$ScheduledFutureTask.run(ScheduledThreadPoolExecutor.java:305)
	at java.base/java.util.concurrent.ThreadPoolExecutor.runWorker(ThreadPoolExecutor.java:1136)
	at java.base/java.util.concurrent.ThreadPoolExecutor$Worker.run(ThreadPoolExecutor.java:635)
	at java.base/java.lang.Thread.run(Thread.java:833)
Caused by: java.io.FileNotFoundException: C:\Users\chand\Desktop\JavaDev\Practice\Projects\Automatic-Email-Sender-Hr\uploads\hr.xlsx (The system cannot find the path specified)
	at java.base/java.io.FileInputStream.open0(Native Method)
	at java.base/java.io.FileInputStream.open(FileInputStream.java:216)
	at java.base/java.io.FileInputStream.<init>(FileInputStream.java:157)
	at java.base/java.io.FileInputStream.<init>(FileInputStream.java:111)
	at com.chandu.ResumeEmailSender.service.ExcelReaderService.readHrDetails(ExcelReaderService.java:29)
	... 18 common frames omitted
2025-12-05 00:12:06 [scheduling-1] INFO  c.c.R.service.ExcelReaderService - Reading HR details from Excel: C:/Users/chand/Desktop/JavaDev/Practice/Projects/Automatic-Email-Sender-Hr/uploads/hr.xlsx
2025-12-05 00:12:06 [scheduling-1] ERROR c.c.R.service.ExcelReaderService - Error reading Excel file: C:\Users\chand\Desktop\JavaDev\Practice\Projects\Automatic-Email-Sender-Hr\uploads\hr.xlsx (The system cannot find the path specified)
2025-12-05 00:12:06 [scheduling-1] ERROR o.s.s.s.TaskUtils$LoggingErrorHandler - Unexpected error occurred in scheduled task
java.lang.RuntimeException: Could not read Excel file
	at com.chandu.ResumeEmailSender.service.ExcelReaderService.readHrDetails(ExcelReaderService.java:61)
	at com.chandu.ResumeEmailSender.schedulars.EmailSchedulerService.initialize(EmailSchedulerService.java:41)
	at com.chandu.ResumeEmailSender.schedulars.EmailSchedulerService.sendNextEmail(EmailSchedulerService.java:57)
	at java.base/jdk.internal.reflect.NativeMethodAccessorImpl.invoke0(Native Method)
	at java.base/jdk.internal.reflect.NativeMethodAccessorImpl.invoke(NativeMethodAccessorImpl.java:77)
	at java.base/jdk.internal.reflect.DelegatingMethodAccessorImpl.invoke(DelegatingMethodAccessorImpl.java:43)
	at java.base/java.lang.reflect.Method.invoke(Method.java:568)
	at org.springframework.scheduling.support.ScheduledMethodRunnable.runInternal(ScheduledMethodRunnable.java:130)
	at org.springframework.scheduling.support.ScheduledMethodRunnable.lambda$run$2(ScheduledMethodRunnable.java:124)
	at io.micrometer.observation.Observation.observe(Observation.java:498)
	at org.springframework.scheduling.support.ScheduledMethodRunnable.run(ScheduledMethodRunnable.java:124)
	at org.springframework.scheduling.config.Task$OutcomeTrackingRunnable.run(Task.java:85)
	at org.springframework.scheduling.support.DelegatingErrorHandlingRunnable.run(DelegatingErrorHandlingRunnable.java:54)
	at java.base/java.util.concurrent.Executors$RunnableAdapter.call(Executors.java:539)
	at java.base/java.util.concurrent.FutureTask.runAndReset(FutureTask.java:305)
	at java.base/java.util.concurrent.ScheduledThreadPoolExecutor$ScheduledFutureTask.run(ScheduledThreadPoolExecutor.java:305)
	at java.base/java.util.concurrent.ThreadPoolExecutor.runWorker(ThreadPoolExecutor.java:1136)
	at java.base/java.util.concurrent.ThreadPoolExecutor$Worker.run(ThreadPoolExecutor.java:635)
	at java.base/java.lang.Thread.run(Thread.java:833)
Caused by: java.io.FileNotFoundException: C:\Users\chand\Desktop\JavaDev\Practice\Projects\Automatic-Email-Sender-Hr\uploads\hr.xlsx (The system cannot find the path specified)
	at java.base/java.io.FileInputStream.open0(Native Method)
	at java.base/java.io.FileInputStream.open(FileInputStream.java:216)
	at java.base/java.io.FileInputStream.<init>(FileInputStream.java:157)
	at java.base/java.io.FileInputStream.<init>(FileInputStream.java:111)
	at com.chandu.ResumeEmailSender.service.ExcelReaderService.readHrDetails(ExcelReaderService.java:29)
	... 18 common frames omitted
2025-12-05 00:12:11 [scheduling-1] INFO  c.c.R.service.ExcelReaderService - Reading HR details from Excel: C:/Users/chand/Desktop/JavaDev/Practice/Projects/Automatic-Email-Sender-Hr/uploads/hr.xlsx
2025-12-05 00:12:11 [scheduling-1] ERROR c.c.R.service.ExcelReaderService - Error reading Excel file: C:\Users\chand\Desktop\JavaDev\Practice\Projects\Automatic-Email-Sender-Hr\uploads\hr.xlsx (The system cannot find the path specified)
2025-12-05 00:12:11 [scheduling-1] ERROR o.s.s.s.TaskUtils$LoggingErrorHandler - Unexpected error occurred in scheduled task
java.lang.RuntimeException: Could not read Excel file
	at com.chandu.ResumeEmailSender.service.ExcelReaderService.readHrDetails(ExcelReaderService.java:61)
	at com.chandu.ResumeEmailSender.schedulars.EmailSchedulerService.initialize(EmailSchedulerService.java:41)
	at com.chandu.ResumeEmailSender.schedulars.EmailSchedulerService.sendNextEmail(EmailSchedulerService.java:57)
	at java.base/jdk.internal.reflect.NativeMethodAccessorImpl.invoke0(Native Method)
	at java.base/jdk.internal.reflect.NativeMethodAccessorImpl.invoke(NativeMethodAccessorImpl.java:77)
	at java.base/jdk.internal.reflect.DelegatingMethodAccessorImpl.invoke(DelegatingMethodAccessorImpl.java:43)
	at java.base/java.lang.reflect.Method.invoke(Method.java:568)
	at org.springframework.scheduling.support.ScheduledMethodRunnable.runInternal(ScheduledMethodRunnable.java:130)
	at org.springframework.scheduling.support.ScheduledMethodRunnable.lambda$run$2(ScheduledMethodRunnable.java:124)
	at io.micrometer.observation.Observation.observe(Observation.java:498)
	at org.springframework.scheduling.support.ScheduledMethodRunnable.run(ScheduledMethodRunnable.java:124)
	at org.springframework.scheduling.config.Task$OutcomeTrackingRunnable.run(Task.java:85)
	at org.springframework.scheduling.support.DelegatingErrorHandlingRunnable.run(DelegatingErrorHandlingRunnable.java:54)
	at java.base/java.util.concurrent.Executors$RunnableAdapter.call(Executors.java:539)
	at java.base/java.util.concurrent.FutureTask.runAndReset(FutureTask.java:305)
	at java.base/java.util.concurrent.ScheduledThreadPoolExecutor$ScheduledFutureTask.run(ScheduledThreadPoolExecutor.java:305)
	at java.base/java.util.concurrent.ThreadPoolExecutor.runWorker(ThreadPoolExecutor.java:1136)
	at java.base/java.util.concurrent.ThreadPoolExecutor$Worker.run(ThreadPoolExecutor.java:635)
	at java.base/java.lang.Thread.run(Thread.java:833)
Caused by: java.io.FileNotFoundException: C:\Users\chand\Desktop\JavaDev\Practice\Projects\Automatic-Email-Sender-Hr\uploads\hr.xlsx (The system cannot find the path specified)
	at java.base/java.io.FileInputStream.open0(Native Method)
	at java.base/java.io.FileInputStream.open(FileInputStream.java:216)
	at java.base/java.io.FileInputStream.<init>(FileInputStream.java:157)
	at java.base/java.io.FileInputStream.<init>(FileInputStream.java:111)
	at com.chandu.ResumeEmailSender.service.ExcelReaderService.readHrDetails(ExcelReaderService.java:29)
	... 18 common frames omitted
2025-12-05 00:12:16 [scheduling-1] INFO  c.c.R.service.ExcelReaderService - Reading HR details from Excel: C:/Users/chand/Desktop/JavaDev/Practice/Projects/Automatic-Email-Sender-Hr/uploads/hr.xlsx
2025-12-05 00:12:16 [scheduling-1] ERROR c.c.R.service.ExcelReaderService - Error reading Excel file: C:\Users\chand\Desktop\JavaDev\Practice\Projects\Automatic-Email-Sender-Hr\uploads\hr.xlsx (The system cannot find the path specified)
2025-12-05 00:12:16 [scheduling-1] ERROR o.s.s.s.TaskUtils$LoggingErrorHandler - Unexpected error occurred in scheduled task
java.lang.RuntimeException: Could not read Excel file
	at com.chandu.ResumeEmailSender.service.ExcelReaderService.readHrDetails(ExcelReaderService.java:61)
	at com.chandu.ResumeEmailSender.schedulars.EmailSchedulerService.initialize(EmailSchedulerService.java:41)
	at com.chandu.ResumeEmailSender.schedulars.EmailSchedulerService.sendNextEmail(EmailSchedulerService.java:57)
	at java.base/jdk.internal.reflect.NativeMethodAccessorImpl.invoke0(Native Method)
	at java.base/jdk.internal.reflect.NativeMethodAccessorImpl.invoke(NativeMethodAccessorImpl.java:77)
	at java.base/jdk.internal.reflect.DelegatingMethodAccessorImpl.invoke(DelegatingMethodAccessorImpl.java:43)
	at java.base/java.lang.reflect.Method.invoke(Method.java:568)
	at org.springframework.scheduling.support.ScheduledMethodRunnable.runInternal(ScheduledMethodRunnable.java:130)
	at org.springframework.scheduling.support.ScheduledMethodRunnable.lambda$run$2(ScheduledMethodRunnable.java:124)
	at io.micrometer.observation.Observation.observe(Observation.java:498)
	at org.springframework.scheduling.support.ScheduledMethodRunnable.run(ScheduledMethodRunnable.java:124)
	at org.springframework.scheduling.config.Task$OutcomeTrackingRunnable.run(Task.java:85)
	at org.springframework.scheduling.support.DelegatingErrorHandlingRunnable.run(DelegatingErrorHandlingRunnable.java:54)
	at java.base/java.util.concurrent.Executors$RunnableAdapter.call(Executors.java:539)
	at java.base/java.util.concurrent.FutureTask.runAndReset(FutureTask.java:305)
	at java.base/java.util.concurrent.ScheduledThreadPoolExecutor$ScheduledFutureTask.run(ScheduledThreadPoolExecutor.java:305)
	at java.base/java.util.concurrent.ThreadPoolExecutor.runWorker(ThreadPoolExecutor.java:1136)
	at java.base/java.util.concurrent.ThreadPoolExecutor$Worker.run(ThreadPoolExecutor.java:635)
	at java.base/java.lang.Thread.run(Thread.java:833)
Caused by: java.io.FileNotFoundException: C:\Users\chand\Desktop\JavaDev\Practice\Projects\Automatic-Email-Sender-Hr\uploads\hr.xlsx (The system cannot find the path specified)
	at java.base/java.io.FileInputStream.open0(Native Method)
	at java.base/java.io.FileInputStream.open(FileInputStream.java:216)
	at java.base/java.io.FileInputStream.<init>(FileInputStream.java:157)
	at java.base/java.io.FileInputStream.<init>(FileInputStream.java:111)
	at com.chandu.ResumeEmailSender.service.ExcelReaderService.readHrDetails(ExcelReaderService.java:29)
	... 18 common frames omitted
2025-12-05 00:12:21 [scheduling-1] INFO  c.c.R.service.ExcelReaderService - Reading HR details from Excel: C:/Users/chand/Desktop/JavaDev/Practice/Projects/Automatic-Email-Sender-Hr/uploads/hr.xlsx
2025-12-05 00:12:21 [scheduling-1] ERROR c.c.R.service.ExcelReaderService - Error reading Excel file: C:\Users\chand\Desktop\JavaDev\Practice\Projects\Automatic-Email-Sender-Hr\uploads\hr.xlsx (The system cannot find the path specified)
2025-12-05 00:12:21 [scheduling-1] ERROR o.s.s.s.TaskUtils$LoggingErrorHandler - Unexpected error occurred in scheduled task
java.lang.RuntimeException: Could not read Excel file
	at com.chandu.ResumeEmailSender.service.ExcelReaderService.readHrDetails(ExcelReaderService.java:61)
	at com.chandu.ResumeEmailSender.schedulars.EmailSchedulerService.initialize(EmailSchedulerService.java:41)
	at com.chandu.ResumeEmailSender.schedulars.EmailSchedulerService.sendNextEmail(EmailSchedulerService.java:57)
	at java.base/jdk.internal.reflect.NativeMethodAccessorImpl.invoke0(Native Method)
	at java.base/jdk.internal.reflect.NativeMethodAccessorImpl.invoke(NativeMethodAccessorImpl.java:77)
	at java.base/jdk.internal.reflect.DelegatingMethodAccessorImpl.invoke(DelegatingMethodAccessorImpl.java:43)
	at java.base/java.lang.reflect.Method.invoke(Method.java:568)
	at org.springframework.scheduling.support.ScheduledMethodRunnable.runInternal(ScheduledMethodRunnable.java:130)
	at org.springframework.scheduling.support.ScheduledMethodRunnable.lambda$run$2(ScheduledMethodRunnable.java:124)
	at io.micrometer.observation.Observation.observe(Observation.java:498)
	at org.springframework.scheduling.support.ScheduledMethodRunnable.run(ScheduledMethodRunnable.java:124)
	at org.springframework.scheduling.config.Task$OutcomeTrackingRunnable.run(Task.java:85)
	at org.springframework.scheduling.support.DelegatingErrorHandlingRunnable.run(DelegatingErrorHandlingRunnable.java:54)
	at java.base/java.util.concurrent.Executors$RunnableAdapter.call(Executors.java:539)
	at java.base/java.util.concurrent.FutureTask.runAndReset(FutureTask.java:305)
	at java.base/java.util.concurrent.ScheduledThreadPoolExecutor$ScheduledFutureTask.run(ScheduledThreadPoolExecutor.java:305)
	at java.base/java.util.concurrent.ThreadPoolExecutor.runWorker(ThreadPoolExecutor.java:1136)
	at java.base/java.util.concurrent.ThreadPoolExecutor$Worker.run(ThreadPoolExecutor.java:635)
	at java.base/java.lang.Thread.run(Thread.java:833)
Caused by: java.io.FileNotFoundException: C:\Users\chand\Desktop\JavaDev\Practice\Projects\Automatic-Email-Sender-Hr\uploads\hr.xlsx (The system cannot find the path specified)
	at java.base/java.io.FileInputStream.open0(Native Method)
	at java.base/java.io.FileInputStream.open(FileInputStream.java:216)
	at java.base/java.io.FileInputStream.<init>(FileInputStream.java:157)
	at java.base/java.io.FileInputStream.<init>(FileInputStream.java:111)
	at com.chandu.ResumeEmailSender.service.ExcelReaderService.readHrDetails(ExcelReaderService.java:29)
	... 18 common frames omitted
2025-12-05 00:12:26 [scheduling-1] INFO  c.c.R.service.ExcelReaderService - Reading HR details from Excel: C:/Users/chand/Desktop/JavaDev/Practice/Projects/Automatic-Email-Sender-Hr/uploads/hr.xlsx
2025-12-05 00:12:26 [scheduling-1] ERROR c.c.R.service.ExcelReaderService - Error reading Excel file: C:\Users\chand\Desktop\JavaDev\Practice\Projects\Automatic-Email-Sender-Hr\uploads\hr.xlsx (The system cannot find the path specified)
2025-12-05 00:12:26 [scheduling-1] ERROR o.s.s.s.TaskUtils$LoggingErrorHandler - Unexpected error occurred in scheduled task
java.lang.RuntimeException: Could not read Excel file
	at com.chandu.ResumeEmailSender.service.ExcelReaderService.readHrDetails(ExcelReaderService.java:61)
	at com.chandu.ResumeEmailSender.schedulars.EmailSchedulerService.initialize(EmailSchedulerService.java:41)
	at com.chandu.ResumeEmailSender.schedulars.EmailSchedulerService.sendNextEmail(EmailSchedulerService.java:57)
	at java.base/jdk.internal.reflect.NativeMethodAccessorImpl.invoke0(Native Method)
	at java.base/jdk.internal.reflect.NativeMethodAccessorImpl.invoke(NativeMethodAccessorImpl.java:77)
	at java.base/jdk.internal.reflect.DelegatingMethodAccessorImpl.invoke(DelegatingMethodAccessorImpl.java:43)
	at java.base/java.lang.reflect.Method.invoke(Method.java:568)
	at org.springframework.scheduling.support.ScheduledMethodRunnable.runInternal(ScheduledMethodRunnable.java:130)
	at org.springframework.scheduling.support.ScheduledMethodRunnable.lambda$run$2(ScheduledMethodRunnable.java:124)
	at io.micrometer.observation.Observation.observe(Observation.java:498)
	at org.springframework.scheduling.support.ScheduledMethodRunnable.run(ScheduledMethodRunnable.java:124)
	at org.springframework.scheduling.config.Task$OutcomeTrackingRunnable.run(Task.java:85)
	at org.springframework.scheduling.support.DelegatingErrorHandlingRunnable.run(DelegatingErrorHandlingRunnable.java:54)
	at java.base/java.util.concurrent.Executors$RunnableAdapter.call(Executors.java:539)
	at java.base/java.util.concurrent.FutureTask.runAndReset(FutureTask.java:305)
	at java.base/java.util.concurrent.ScheduledThreadPoolExecutor$ScheduledFutureTask.run(ScheduledThreadPoolExecutor.java:305)
	at java.base/java.util.concurrent.ThreadPoolExecutor.runWorker(ThreadPoolExecutor.java:1136)
	at java.base/java.util.concurrent.ThreadPoolExecutor$Worker.run(ThreadPoolExecutor.java:635)
	at java.base/java.lang.Thread.run(Thread.java:833)
Caused by: java.io.FileNotFoundException: C:\Users\chand\Desktop\JavaDev\Practice\Projects\Automatic-Email-Sender-Hr\uploads\hr.xlsx (The system cannot find the path specified)
	at java.base/java.io.FileInputStream.open0(Native Method)
	at java.base/java.io.FileInputStream.open(FileInputStream.java:216)
	at java.base/java.io.FileInputStream.<init>(FileInputStream.java:157)
	at java.base/java.io.FileInputStream.<init>(FileInputStream.java:111)
	at com.chandu.ResumeEmailSender.service.ExcelReaderService.readHrDetails(ExcelReaderService.java:29)
	... 18 common frames omitted
2025-12-05 00:12:31 [scheduling-1] INFO  c.c.R.service.ExcelReaderService - Reading HR details from Excel: C:/Users/chand/Desktop/JavaDev/Practice/Projects/Automatic-Email-Sender-Hr/uploads/hr.xlsx
2025-12-05 00:12:31 [scheduling-1] ERROR c.c.R.service.ExcelReaderService - Error reading Excel file: C:\Users\chand\Desktop\JavaDev\Practice\Projects\Automatic-Email-Sender-Hr\uploads\hr.xlsx (The system cannot find the path specified)
2025-12-05 00:12:31 [scheduling-1] ERROR o.s.s.s.TaskUtils$LoggingErrorHandler - Unexpected error occurred in scheduled task
java.lang.RuntimeException: Could not read Excel file
	at com.chandu.ResumeEmailSender.service.ExcelReaderService.readHrDetails(ExcelReaderService.java:61)
	at com.chandu.ResumeEmailSender.schedulars.EmailSchedulerService.initialize(EmailSchedulerService.java:41)
	at com.chandu.ResumeEmailSender.schedulars.EmailSchedulerService.sendNextEmail(EmailSchedulerService.java:57)
	at java.base/jdk.internal.reflect.NativeMethodAccessorImpl.invoke0(Native Method)
	at java.base/jdk.internal.reflect.NativeMethodAccessorImpl.invoke(NativeMethodAccessorImpl.java:77)
	at java.base/jdk.internal.reflect.DelegatingMethodAccessorImpl.invoke(DelegatingMethodAccessorImpl.java:43)
	at java.base/java.lang.reflect.Method.invoke(Method.java:568)
	at org.springframework.scheduling.support.ScheduledMethodRunnable.runInternal(ScheduledMethodRunnable.java:130)
	at org.springframework.scheduling.support.ScheduledMethodRunnable.lambda$run$2(ScheduledMethodRunnable.java:124)
	at io.micrometer.observation.Observation.observe(Observation.java:498)
	at org.springframework.scheduling.support.ScheduledMethodRunnable.run(ScheduledMethodRunnable.java:124)
	at org.springframework.scheduling.config.Task$OutcomeTrackingRunnable.run(Task.java:85)
	at org.springframework.scheduling.support.DelegatingErrorHandlingRunnable.run(DelegatingErrorHandlingRunnable.java:54)
	at java.base/java.util.concurrent.Executors$RunnableAdapter.call(Executors.java:539)
	at java.base/java.util.concurrent.FutureTask.runAndReset(FutureTask.java:305)
	at java.base/java.util.concurrent.ScheduledThreadPoolExecutor$ScheduledFutureTask.run(ScheduledThreadPoolExecutor.java:305)
	at java.base/java.util.concurrent.ThreadPoolExecutor.runWorker(ThreadPoolExecutor.java:1136)
	at java.base/java.util.concurrent.ThreadPoolExecutor$Worker.run(ThreadPoolExecutor.java:635)
	at java.base/java.lang.Thread.run(Thread.java:833)
Caused by: java.io.FileNotFoundException: C:\Users\chand\Desktop\JavaDev\Practice\Projects\Automatic-Email-Sender-Hr\uploads\hr.xlsx (The system cannot find the path specified)
	at java.base/java.io.FileInputStream.open0(Native Method)
	at java.base/java.io.FileInputStream.open(FileInputStream.java:216)
	at java.base/java.io.FileInputStream.<init>(FileInputStream.java:157)
	at java.base/java.io.FileInputStream.<init>(FileInputStream.java:111)
	at com.chandu.ResumeEmailSender.service.ExcelReaderService.readHrDetails(ExcelReaderService.java:29)
	... 18 common frames omitted
2025-12-05 00:12:36 [scheduling-1] INFO  c.c.R.service.ExcelReaderService - Reading HR details from Excel: C:/Users/chand/Desktop/JavaDev/Practice/Projects/Automatic-Email-Sender-Hr/uploads/hr.xlsx
2025-12-05 00:12:36 [scheduling-1] ERROR c.c.R.service.ExcelReaderService - Error reading Excel file: C:\Users\chand\Desktop\JavaDev\Practice\Projects\Automatic-Email-Sender-Hr\uploads\hr.xlsx (The system cannot find the path specified)
2025-12-05 00:12:36 [scheduling-1] ERROR o.s.s.s.TaskUtils$LoggingErrorHandler - Unexpected error occurred in scheduled task
java.lang.RuntimeException: Could not read Excel file
	at com.chandu.ResumeEmailSender.service.ExcelReaderService.readHrDetails(ExcelReaderService.java:61)
	at com.chandu.ResumeEmailSender.schedulars.EmailSchedulerService.initialize(EmailSchedulerService.java:41)
	at com.chandu.ResumeEmailSender.schedulars.EmailSchedulerService.sendNextEmail(EmailSchedulerService.java:57)
	at java.base/jdk.internal.reflect.NativeMethodAccessorImpl.invoke0(Native Method)
	at java.base/jdk.internal.reflect.NativeMethodAccessorImpl.invoke(NativeMethodAccessorImpl.java:77)
	at java.base/jdk.internal.reflect.DelegatingMethodAccessorImpl.invoke(DelegatingMethodAccessorImpl.java:43)
	at java.base/java.lang.reflect.Method.invoke(Method.java:568)
	at org.springframework.scheduling.support.ScheduledMethodRunnable.runInternal(ScheduledMethodRunnable.java:130)
	at org.springframework.scheduling.support.ScheduledMethodRunnable.lambda$run$2(ScheduledMethodRunnable.java:124)
	at io.micrometer.observation.Observation.observe(Observation.java:498)
	at org.springframework.scheduling.support.ScheduledMethodRunnable.run(ScheduledMethodRunnable.java:124)
	at org.springframework.scheduling.config.Task$OutcomeTrackingRunnable.run(Task.java:85)
	at org.springframework.scheduling.support.DelegatingErrorHandlingRunnable.run(DelegatingErrorHandlingRunnable.java:54)
	at java.base/java.util.concurrent.Executors$RunnableAdapter.call(Executors.java:539)
	at java.base/java.util.concurrent.FutureTask.runAndReset(FutureTask.java:305)
	at java.base/java.util.concurrent.ScheduledThreadPoolExecutor$ScheduledFutureTask.run(ScheduledThreadPoolExecutor.java:305)
	at java.base/java.util.concurrent.ThreadPoolExecutor.runWorker(ThreadPoolExecutor.java:1136)
	at java.base/java.util.concurrent.ThreadPoolExecutor$Worker.run(ThreadPoolExecutor.java:635)
	at java.base/java.lang.Thread.run(Thread.java:833)
Caused by: java.io.FileNotFoundException: C:\Users\chand\Desktop\JavaDev\Practice\Projects\Automatic-Email-Sender-Hr\uploads\hr.xlsx (The system cannot find the path specified)
	at java.base/java.io.FileInputStream.open0(Native Method)
	at java.base/java.io.FileInputStream.open(FileInputStream.java:216)
	at java.base/java.io.FileInputStream.<init>(FileInputStream.java:157)
	at java.base/java.io.FileInputStream.<init>(FileInputStream.java:111)
	at com.chandu.ResumeEmailSender.service.ExcelReaderService.readHrDetails(ExcelReaderService.java:29)
	... 18 common frames omitted
2025-12-05 00:12:41 [scheduling-1] INFO  c.c.R.service.ExcelReaderService - Reading HR details from Excel: C:/Users/chand/Desktop/JavaDev/Practice/Projects/Automatic-Email-Sender-Hr/uploads/hr.xlsx
2025-12-05 00:12:41 [scheduling-1] ERROR c.c.R.service.ExcelReaderService - Error reading Excel file: C:\Users\chand\Desktop\JavaDev\Practice\Projects\Automatic-Email-Sender-Hr\uploads\hr.xlsx (The system cannot find the path specified)
2025-12-05 00:12:41 [scheduling-1] ERROR o.s.s.s.TaskUtils$LoggingErrorHandler - Unexpected error occurred in scheduled task
java.lang.RuntimeException: Could not read Excel file
	at com.chandu.ResumeEmailSender.service.ExcelReaderService.readHrDetails(ExcelReaderService.java:61)
	at com.chandu.ResumeEmailSender.schedulars.EmailSchedulerService.initialize(EmailSchedulerService.java:41)
	at com.chandu.ResumeEmailSender.schedulars.EmailSchedulerService.sendNextEmail(EmailSchedulerService.java:57)
	at java.base/jdk.internal.reflect.NativeMethodAccessorImpl.invoke0(Native Method)
	at java.base/jdk.internal.reflect.NativeMethodAccessorImpl.invoke(NativeMethodAccessorImpl.java:77)
	at java.base/jdk.internal.reflect.DelegatingMethodAccessorImpl.invoke(DelegatingMethodAccessorImpl.java:43)
	at java.base/java.lang.reflect.Method.invoke(Method.java:568)
	at org.springframework.scheduling.support.ScheduledMethodRunnable.runInternal(ScheduledMethodRunnable.java:130)
	at org.springframework.scheduling.support.ScheduledMethodRunnable.lambda$run$2(ScheduledMethodRunnable.java:124)
	at io.micrometer.observation.Observation.observe(Observation.java:498)
	at org.springframework.scheduling.support.ScheduledMethodRunnable.run(ScheduledMethodRunnable.java:124)
	at org.springframework.scheduling.config.Task$OutcomeTrackingRunnable.run(Task.java:85)
	at org.springframework.scheduling.support.DelegatingErrorHandlingRunnable.run(DelegatingErrorHandlingRunnable.java:54)
	at java.base/java.util.concurrent.Executors$RunnableAdapter.call(Executors.java:539)
	at java.base/java.util.concurrent.FutureTask.runAndReset(FutureTask.java:305)
	at java.base/java.util.concurrent.ScheduledThreadPoolExecutor$ScheduledFutureTask.run(ScheduledThreadPoolExecutor.java:305)
	at java.base/java.util.concurrent.ThreadPoolExecutor.runWorker(ThreadPoolExecutor.java:1136)
	at java.base/java.util.concurrent.ThreadPoolExecutor$Worker.run(ThreadPoolExecutor.java:635)
	at java.base/java.lang.Thread.run(Thread.java:833)
Caused by: java.io.FileNotFoundException: C:\Users\chand\Desktop\JavaDev\Practice\Projects\Automatic-Email-Sender-Hr\uploads\hr.xlsx (The system cannot find the path specified)
	at java.base/java.io.FileInputStream.open0(Native Method)
	at java.base/java.io.FileInputStream.open(FileInputStream.java:216)
	at java.base/java.io.FileInputStream.<init>(FileInputStream.java:157)
	at java.base/java.io.FileInputStream.<init>(FileInputStream.java:111)
	at com.chandu.ResumeEmailSender.service.ExcelReaderService.readHrDetails(ExcelReaderService.java:29)
	... 18 common frames omitted
2025-12-05 00:12:46 [scheduling-1] INFO  c.c.R.service.ExcelReaderService - Reading HR details from Excel: C:/Users/chand/Desktop/JavaDev/Practice/Projects/Automatic-Email-Sender-Hr/uploads/hr.xlsx
2025-12-05 00:12:46 [scheduling-1] ERROR c.c.R.service.ExcelReaderService - Error reading Excel file: C:\Users\chand\Desktop\JavaDev\Practice\Projects\Automatic-Email-Sender-Hr\uploads\hr.xlsx (The system cannot find the path specified)
2025-12-05 00:12:46 [scheduling-1] ERROR o.s.s.s.TaskUtils$LoggingErrorHandler - Unexpected error occurred in scheduled task
java.lang.RuntimeException: Could not read Excel file
	at com.chandu.ResumeEmailSender.service.ExcelReaderService.readHrDetails(ExcelReaderService.java:61)
	at com.chandu.ResumeEmailSender.schedulars.EmailSchedulerService.initialize(EmailSchedulerService.java:41)
	at com.chandu.ResumeEmailSender.schedulars.EmailSchedulerService.sendNextEmail(EmailSchedulerService.java:57)
	at jdk.internal.reflect.GeneratedMethodAccessor16.invoke(Unknown Source)
	at java.base/jdk.internal.reflect.DelegatingMethodAccessorImpl.invoke(DelegatingMethodAccessorImpl.java:43)
	at java.base/java.lang.reflect.Method.invoke(Method.java:568)
	at org.springframework.scheduling.support.ScheduledMethodRunnable.runInternal(ScheduledMethodRunnable.java:130)
	at org.springframework.scheduling.support.ScheduledMethodRunnable.lambda$run$2(ScheduledMethodRunnable.java:124)
	at io.micrometer.observation.Observation.observe(Observation.java:498)
	at org.springframework.scheduling.support.ScheduledMethodRunnable.run(ScheduledMethodRunnable.java:124)
	at org.springframework.scheduling.config.Task$OutcomeTrackingRunnable.run(Task.java:85)
	at org.springframework.scheduling.support.DelegatingErrorHandlingRunnable.run(DelegatingErrorHandlingRunnable.java:54)
	at java.base/java.util.concurrent.Executors$RunnableAdapter.call(Executors.java:539)
	at java.base/java.util.concurrent.FutureTask.runAndReset(FutureTask.java:305)
	at java.base/java.util.concurrent.ScheduledThreadPoolExecutor$ScheduledFutureTask.run(ScheduledThreadPoolExecutor.java:305)
	at java.base/java.util.concurrent.ThreadPoolExecutor.runWorker(ThreadPoolExecutor.java:1136)
	at java.base/java.util.concurrent.ThreadPoolExecutor$Worker.run(ThreadPoolExecutor.java:635)
	at java.base/java.lang.Thread.run(Thread.java:833)
Caused by: java.io.FileNotFoundException: C:\Users\chand\Desktop\JavaDev\Practice\Projects\Automatic-Email-Sender-Hr\uploads\hr.xlsx (The system cannot find the path specified)
	at java.base/java.io.FileInputStream.open0(Native Method)
	at java.base/java.io.FileInputStream.open(FileInputStream.java:216)
	at java.base/java.io.FileInputStream.<init>(FileInputStream.java:157)
	at java.base/java.io.FileInputStream.<init>(FileInputStream.java:111)
	at com.chandu.ResumeEmailSender.service.ExcelReaderService.readHrDetails(ExcelReaderService.java:29)
	... 17 common frames omitted
2025-12-05 00:12:51 [scheduling-1] INFO  c.c.R.service.ExcelReaderService - Reading HR details from Excel: C:/Users/chand/Desktop/JavaDev/Practice/Projects/Automatic-Email-Sender-Hr/uploads/hr.xlsx
2025-12-05 00:12:51 [scheduling-1] ERROR c.c.R.service.ExcelReaderService - Error reading Excel file: C:\Users\chand\Desktop\JavaDev\Practice\Projects\Automatic-Email-Sender-Hr\uploads\hr.xlsx (The system cannot find the path specified)
2025-12-05 00:12:51 [scheduling-1] ERROR o.s.s.s.TaskUtils$LoggingErrorHandler - Unexpected error occurred in scheduled task
java.lang.RuntimeException: Could not read Excel file
	at com.chandu.ResumeEmailSender.service.ExcelReaderService.readHrDetails(ExcelReaderService.java:61)
	at com.chandu.ResumeEmailSender.schedulars.EmailSchedulerService.initialize(EmailSchedulerService.java:41)
	at com.chandu.ResumeEmailSender.schedulars.EmailSchedulerService.sendNextEmail(EmailSchedulerService.java:57)
	at jdk.internal.reflect.GeneratedMethodAccessor16.invoke(Unknown Source)
	at java.base/jdk.internal.reflect.DelegatingMethodAccessorImpl.invoke(DelegatingMethodAccessorImpl.java:43)
	at java.base/java.lang.reflect.Method.invoke(Method.java:568)
	at org.springframework.scheduling.support.ScheduledMethodRunnable.runInternal(ScheduledMethodRunnable.java:130)
	at org.springframework.scheduling.support.ScheduledMethodRunnable.lambda$run$2(ScheduledMethodRunnable.java:124)
	at io.micrometer.observation.Observation.observe(Observation.java:498)
	at org.springframework.scheduling.support.ScheduledMethodRunnable.run(ScheduledMethodRunnable.java:124)
	at org.springframework.scheduling.config.Task$OutcomeTrackingRunnable.run(Task.java:85)
	at org.springframework.scheduling.support.DelegatingErrorHandlingRunnable.run(DelegatingErrorHandlingRunnable.java:54)
	at java.base/java.util.concurrent.Executors$RunnableAdapter.call(Executors.java:539)
	at java.base/java.util.concurrent.FutureTask.runAndReset(FutureTask.java:305)
	at java.base/java.util.concurrent.ScheduledThreadPoolExecutor$ScheduledFutureTask.run(ScheduledThreadPoolExecutor.java:305)
	at java.base/java.util.concurrent.ThreadPoolExecutor.runWorker(ThreadPoolExecutor.java:1136)
	at java.base/java.util.concurrent.ThreadPoolExecutor$Worker.run(ThreadPoolExecutor.java:635)
	at java.base/java.lang.Thread.run(Thread.java:833)
Caused by: java.io.FileNotFoundException: C:\Users\chand\Desktop\JavaDev\Practice\Projects\Automatic-Email-Sender-Hr\uploads\hr.xlsx (The system cannot find the path specified)
	at java.base/java.io.FileInputStream.open0(Native Method)
	at java.base/java.io.FileInputStream.open(FileInputStream.java:216)
	at java.base/java.io.FileInputStream.<init>(FileInputStream.java:157)
	at java.base/java.io.FileInputStream.<init>(FileInputStream.java:111)
	at com.chandu.ResumeEmailSender.service.ExcelReaderService.readHrDetails(ExcelReaderService.java:29)
	... 17 common frames omitted
2025-12-05 00:12:56 [scheduling-1] INFO  c.c.R.service.ExcelReaderService - Reading HR details from Excel: C:/Users/chand/Desktop/JavaDev/Practice/Projects/Automatic-Email-Sender-Hr/uploads/hr.xlsx
2025-12-05 00:12:56 [scheduling-1] ERROR c.c.R.service.ExcelReaderService - Error reading Excel file: C:\Users\chand\Desktop\JavaDev\Practice\Projects\Automatic-Email-Sender-Hr\uploads\hr.xlsx (The system cannot find the path specified)
2025-12-05 00:12:56 [scheduling-1] ERROR o.s.s.s.TaskUtils$LoggingErrorHandler - Unexpected error occurred in scheduled task
java.lang.RuntimeException: Could not read Excel file
	at com.chandu.ResumeEmailSender.service.ExcelReaderService.readHrDetails(ExcelReaderService.java:61)
	at com.chandu.ResumeEmailSender.schedulars.EmailSchedulerService.initialize(EmailSchedulerService.java:41)
	at com.chandu.ResumeEmailSender.schedulars.EmailSchedulerService.sendNextEmail(EmailSchedulerService.java:57)
	at jdk.internal.reflect.GeneratedMethodAccessor16.invoke(Unknown Source)
	at java.base/jdk.internal.reflect.DelegatingMethodAccessorImpl.invoke(DelegatingMethodAccessorImpl.java:43)
	at java.base/java.lang.reflect.Method.invoke(Method.java:568)
	at org.springframework.scheduling.support.ScheduledMethodRunnable.runInternal(ScheduledMethodRunnable.java:130)
	at org.springframework.scheduling.support.ScheduledMethodRunnable.lambda$run$2(ScheduledMethodRunnable.java:124)
	at io.micrometer.observation.Observation.observe(Observation.java:498)
	at org.springframework.scheduling.support.ScheduledMethodRunnable.run(ScheduledMethodRunnable.java:124)
	at org.springframework.scheduling.config.Task$OutcomeTrackingRunnable.run(Task.java:85)
	at org.springframework.scheduling.support.DelegatingErrorHandlingRunnable.run(DelegatingErrorHandlingRunnable.java:54)
	at java.base/java.util.concurrent.Executors$RunnableAdapter.call(Executors.java:539)
	at java.base/java.util.concurrent.FutureTask.runAndReset(FutureTask.java:305)
	at java.base/java.util.concurrent.ScheduledThreadPoolExecutor$ScheduledFutureTask.run(ScheduledThreadPoolExecutor.java:305)
	at java.base/java.util.concurrent.ThreadPoolExecutor.runWorker(ThreadPoolExecutor.java:1136)
	at java.base/java.util.concurrent.ThreadPoolExecutor$Worker.run(ThreadPoolExecutor.java:635)
	at java.base/java.lang.Thread.run(Thread.java:833)
Caused by: java.io.FileNotFoundException: C:\Users\chand\Desktop\JavaDev\Practice\Projects\Automatic-Email-Sender-Hr\uploads\hr.xlsx (The system cannot find the path specified)
	at java.base/java.io.FileInputStream.open0(Native Method)
	at java.base/java.io.FileInputStream.open(FileInputStream.java:216)
	at java.base/java.io.FileInputStream.<init>(FileInputStream.java:157)
	at java.base/java.io.FileInputStream.<init>(FileInputStream.java:111)
	at com.chandu.ResumeEmailSender.service.ExcelReaderService.readHrDetails(ExcelReaderService.java:29)
	... 17 common frames omitted
2025-12-05 00:13:01 [scheduling-1] INFO  c.c.R.service.ExcelReaderService - Reading HR details from Excel: C:/Users/chand/Desktop/JavaDev/Practice/Projects/Automatic-Email-Sender-Hr/uploads/hr.xlsx
2025-12-05 00:13:01 [scheduling-1] ERROR c.c.R.service.ExcelReaderService - Error reading Excel file: C:\Users\chand\Desktop\JavaDev\Practice\Projects\Automatic-Email-Sender-Hr\uploads\hr.xlsx (The system cannot find the path specified)
2025-12-05 00:13:01 [scheduling-1] ERROR o.s.s.s.TaskUtils$LoggingErrorHandler - Unexpected error occurred in scheduled task
java.lang.RuntimeException: Could not read Excel file
	at com.chandu.ResumeEmailSender.service.ExcelReaderService.readHrDetails(ExcelReaderService.java:61)
	at com.chandu.ResumeEmailSender.schedulars.EmailSchedulerService.initialize(EmailSchedulerService.java:41)
	at com.chandu.ResumeEmailSender.schedulars.EmailSchedulerService.sendNextEmail(EmailSchedulerService.java:57)
	at jdk.internal.reflect.GeneratedMethodAccessor16.invoke(Unknown Source)
	at java.base/jdk.internal.reflect.DelegatingMethodAccessorImpl.invoke(DelegatingMethodAccessorImpl.java:43)
	at java.base/java.lang.reflect.Method.invoke(Method.java:568)
	at org.springframework.scheduling.support.ScheduledMethodRunnable.runInternal(ScheduledMethodRunnable.java:130)
	at org.springframework.scheduling.support.ScheduledMethodRunnable.lambda$run$2(ScheduledMethodRunnable.java:124)
	at io.micrometer.observation.Observation.observe(Observation.java:498)
	at org.springframework.scheduling.support.ScheduledMethodRunnable.run(ScheduledMethodRunnable.java:124)
	at org.springframework.scheduling.config.Task$OutcomeTrackingRunnable.run(Task.java:85)
	at org.springframework.scheduling.support.DelegatingErrorHandlingRunnable.run(DelegatingErrorHandlingRunnable.java:54)
	at java.base/java.util.concurrent.Executors$RunnableAdapter.call(Executors.java:539)
	at java.base/java.util.concurrent.FutureTask.runAndReset(FutureTask.java:305)
	at java.base/java.util.concurrent.ScheduledThreadPoolExecutor$ScheduledFutureTask.run(ScheduledThreadPoolExecutor.java:305)
	at java.base/java.util.concurrent.ThreadPoolExecutor.runWorker(ThreadPoolExecutor.java:1136)
	at java.base/java.util.concurrent.ThreadPoolExecutor$Worker.run(ThreadPoolExecutor.java:635)
	at java.base/java.lang.Thread.run(Thread.java:833)
Caused by: java.io.FileNotFoundException: C:\Users\chand\Desktop\JavaDev\Practice\Projects\Automatic-Email-Sender-Hr\uploads\hr.xlsx (The system cannot find the path specified)
	at java.base/java.io.FileInputStream.open0(Native Method)
	at java.base/java.io.FileInputStream.open(FileInputStream.java:216)
	at java.base/java.io.FileInputStream.<init>(FileInputStream.java:157)
	at java.base/java.io.FileInputStream.<init>(FileInputStream.java:111)
	at com.chandu.ResumeEmailSender.service.ExcelReaderService.readHrDetails(ExcelReaderService.java:29)
	... 17 common frames omitted
2025-12-05 00:13:06 [scheduling-1] INFO  c.c.R.service.ExcelReaderService - Reading HR details from Excel: C:/Users/chand/Desktop/JavaDev/Practice/Projects/Automatic-Email-Sender-Hr/uploads/hr.xlsx
2025-12-05 00:13:06 [scheduling-1] ERROR c.c.R.service.ExcelReaderService - Error reading Excel file: C:\Users\chand\Desktop\JavaDev\Practice\Projects\Automatic-Email-Sender-Hr\uploads\hr.xlsx (The system cannot find the path specified)
2025-12-05 00:13:06 [scheduling-1] ERROR o.s.s.s.TaskUtils$LoggingErrorHandler - Unexpected error occurred in scheduled task
java.lang.RuntimeException: Could not read Excel file
	at com.chandu.ResumeEmailSender.service.ExcelReaderService.readHrDetails(ExcelReaderService.java:61)
	at com.chandu.ResumeEmailSender.schedulars.EmailSchedulerService.initialize(EmailSchedulerService.java:41)
	at com.chandu.ResumeEmailSender.schedulars.EmailSchedulerService.sendNextEmail(EmailSchedulerService.java:57)
	at jdk.internal.reflect.GeneratedMethodAccessor16.invoke(Unknown Source)
	at java.base/jdk.internal.reflect.DelegatingMethodAccessorImpl.invoke(DelegatingMethodAccessorImpl.java:43)
	at java.base/java.lang.reflect.Method.invoke(Method.java:568)
	at org.springframework.scheduling.support.ScheduledMethodRunnable.runInternal(ScheduledMethodRunnable.java:130)
	at org.springframework.scheduling.support.ScheduledMethodRunnable.lambda$run$2(ScheduledMethodRunnable.java:124)
	at io.micrometer.observation.Observation.observe(Observation.java:498)
	at org.springframework.scheduling.support.ScheduledMethodRunnable.run(ScheduledMethodRunnable.java:124)
	at org.springframework.scheduling.config.Task$OutcomeTrackingRunnable.run(Task.java:85)
	at org.springframework.scheduling.support.DelegatingErrorHandlingRunnable.run(DelegatingErrorHandlingRunnable.java:54)
	at java.base/java.util.concurrent.Executors$RunnableAdapter.call(Executors.java:539)
	at java.base/java.util.concurrent.FutureTask.runAndReset(FutureTask.java:305)
	at java.base/java.util.concurrent.ScheduledThreadPoolExecutor$ScheduledFutureTask.run(ScheduledThreadPoolExecutor.java:305)
	at java.base/java.util.concurrent.ThreadPoolExecutor.runWorker(ThreadPoolExecutor.java:1136)
	at java.base/java.util.concurrent.ThreadPoolExecutor$Worker.run(ThreadPoolExecutor.java:635)
	at java.base/java.lang.Thread.run(Thread.java:833)
Caused by: java.io.FileNotFoundException: C:\Users\chand\Desktop\JavaDev\Practice\Projects\Automatic-Email-Sender-Hr\uploads\hr.xlsx (The system cannot find the path specified)
	at java.base/java.io.FileInputStream.open0(Native Method)
	at java.base/java.io.FileInputStream.open(FileInputStream.java:216)
	at java.base/java.io.FileInputStream.<init>(FileInputStream.java:157)
	at java.base/java.io.FileInputStream.<init>(FileInputStream.java:111)
	at com.chandu.ResumeEmailSender.service.ExcelReaderService.readHrDetails(ExcelReaderService.java:29)
	... 17 common frames omitted
2025-12-05 00:13:11 [scheduling-1] INFO  c.c.R.service.ExcelReaderService - Reading HR details from Excel: C:/Users/chand/Desktop/JavaDev/Practice/Projects/Automatic-Email-Sender-Hr/uploads/hr.xlsx
2025-12-05 00:13:11 [scheduling-1] ERROR c.c.R.service.ExcelReaderService - Error reading Excel file: C:\Users\chand\Desktop\JavaDev\Practice\Projects\Automatic-Email-Sender-Hr\uploads\hr.xlsx (The system cannot find the path specified)
2025-12-05 00:13:11 [scheduling-1] ERROR o.s.s.s.TaskUtils$LoggingErrorHandler - Unexpected error occurred in scheduled task
java.lang.RuntimeException: Could not read Excel file
	at com.chandu.ResumeEmailSender.service.ExcelReaderService.readHrDetails(ExcelReaderService.java:61)
	at com.chandu.ResumeEmailSender.schedulars.EmailSchedulerService.initialize(EmailSchedulerService.java:41)
	at com.chandu.ResumeEmailSender.schedulars.EmailSchedulerService.sendNextEmail(EmailSchedulerService.java:57)
	at jdk.internal.reflect.GeneratedMethodAccessor16.invoke(Unknown Source)
	at java.base/jdk.internal.reflect.DelegatingMethodAccessorImpl.invoke(DelegatingMethodAccessorImpl.java:43)
	at java.base/java.lang.reflect.Method.invoke(Method.java:568)
	at org.springframework.scheduling.support.ScheduledMethodRunnable.runInternal(ScheduledMethodRunnable.java:130)
	at org.springframework.scheduling.support.ScheduledMethodRunnable.lambda$run$2(ScheduledMethodRunnable.java:124)
	at io.micrometer.observation.Observation.observe(Observation.java:498)
	at org.springframework.scheduling.support.ScheduledMethodRunnable.run(ScheduledMethodRunnable.java:124)
	at org.springframework.scheduling.config.Task$OutcomeTrackingRunnable.run(Task.java:85)
	at org.springframework.scheduling.support.DelegatingErrorHandlingRunnable.run(DelegatingErrorHandlingRunnable.java:54)
	at java.base/java.util.concurrent.Executors$RunnableAdapter.call(Executors.java:539)
	at java.base/java.util.concurrent.FutureTask.runAndReset(FutureTask.java:305)
	at java.base/java.util.concurrent.ScheduledThreadPoolExecutor$ScheduledFutureTask.run(ScheduledThreadPoolExecutor.java:305)
	at java.base/java.util.concurrent.ThreadPoolExecutor.runWorker(ThreadPoolExecutor.java:1136)
	at java.base/java.util.concurrent.ThreadPoolExecutor$Worker.run(ThreadPoolExecutor.java:635)
	at java.base/java.lang.Thread.run(Thread.java:833)
Caused by: java.io.FileNotFoundException: C:\Users\chand\Desktop\JavaDev\Practice\Projects\Automatic-Email-Sender-Hr\uploads\hr.xlsx (The system cannot find the path specified)
	at java.base/java.io.FileInputStream.open0(Native Method)
	at java.base/java.io.FileInputStream.open(FileInputStream.java:216)
	at java.base/java.io.FileInputStream.<init>(FileInputStream.java:157)
	at java.base/java.io.FileInputStream.<init>(FileInputStream.java:111)
	at com.chandu.ResumeEmailSender.service.ExcelReaderService.readHrDetails(ExcelReaderService.java:29)
	... 17 common frames omitted
2025-12-05 00:13:16 [scheduling-1] INFO  c.c.R.service.ExcelReaderService - Reading HR details from Excel: C:/Users/chand/Desktop/JavaDev/Practice/Projects/Automatic-Email-Sender-Hr/uploads/hr.xlsx
2025-12-05 00:13:16 [scheduling-1] ERROR c.c.R.service.ExcelReaderService - Error reading Excel file: C:\Users\chand\Desktop\JavaDev\Practice\Projects\Automatic-Email-Sender-Hr\uploads\hr.xlsx (The system cannot find the path specified)
2025-12-05 00:13:16 [scheduling-1] ERROR o.s.s.s.TaskUtils$LoggingErrorHandler - Unexpected error occurred in scheduled task
java.lang.RuntimeException: Could not read Excel file
	at com.chandu.ResumeEmailSender.service.ExcelReaderService.readHrDetails(ExcelReaderService.java:61)
	at com.chandu.ResumeEmailSender.schedulars.EmailSchedulerService.initialize(EmailSchedulerService.java:41)
	at com.chandu.ResumeEmailSender.schedulars.EmailSchedulerService.sendNextEmail(EmailSchedulerService.java:57)
	at jdk.internal.reflect.GeneratedMethodAccessor16.invoke(Unknown Source)
	at java.base/jdk.internal.reflect.DelegatingMethodAccessorImpl.invoke(DelegatingMethodAccessorImpl.java:43)
	at java.base/java.lang.reflect.Method.invoke(Method.java:568)
	at org.springframework.scheduling.support.ScheduledMethodRunnable.runInternal(ScheduledMethodRunnable.java:130)
	at org.springframework.scheduling.support.ScheduledMethodRunnable.lambda$run$2(ScheduledMethodRunnable.java:124)
	at io.micrometer.observation.Observation.observe(Observation.java:498)
	at org.springframework.scheduling.support.ScheduledMethodRunnable.run(ScheduledMethodRunnable.java:124)
	at org.springframework.scheduling.config.Task$OutcomeTrackingRunnable.run(Task.java:85)
	at org.springframework.scheduling.support.DelegatingErrorHandlingRunnable.run(DelegatingErrorHandlingRunnable.java:54)
	at java.base/java.util.concurrent.Executors$RunnableAdapter.call(Executors.java:539)
	at java.base/java.util.concurrent.FutureTask.runAndReset(FutureTask.java:305)
	at java.base/java.util.concurrent.ScheduledThreadPoolExecutor$ScheduledFutureTask.run(ScheduledThreadPoolExecutor.java:305)
	at java.base/java.util.concurrent.ThreadPoolExecutor.runWorker(ThreadPoolExecutor.java:1136)
	at java.base/java.util.concurrent.ThreadPoolExecutor$Worker.run(ThreadPoolExecutor.java:635)
	at java.base/java.lang.Thread.run(Thread.java:833)
Caused by: java.io.FileNotFoundException: C:\Users\chand\Desktop\JavaDev\Practice\Projects\Automatic-Email-Sender-Hr\uploads\hr.xlsx (The system cannot find the path specified)
	at java.base/java.io.FileInputStream.open0(Native Method)
	at java.base/java.io.FileInputStream.open(FileInputStream.java:216)
	at java.base/java.io.FileInputStream.<init>(FileInputStream.java:157)
	at java.base/java.io.FileInputStream.<init>(FileInputStream.java:111)
	at com.chandu.ResumeEmailSender.service.ExcelReaderService.readHrDetails(ExcelReaderService.java:29)
	... 17 common frames omitted
2025-12-05 00:13:21 [scheduling-1] INFO  c.c.R.service.ExcelReaderService - Reading HR details from Excel: C:/Users/chand/Desktop/JavaDev/Practice/Projects/Automatic-Email-Sender-Hr/uploads/hr.xlsx
2025-12-05 00:13:21 [scheduling-1] ERROR c.c.R.service.ExcelReaderService - Error reading Excel file: C:\Users\chand\Desktop\JavaDev\Practice\Projects\Automatic-Email-Sender-Hr\uploads\hr.xlsx (The system cannot find the path specified)
2025-12-05 00:13:21 [scheduling-1] ERROR o.s.s.s.TaskUtils$LoggingErrorHandler - Unexpected error occurred in scheduled task
java.lang.RuntimeException: Could not read Excel file
	at com.chandu.ResumeEmailSender.service.ExcelReaderService.readHrDetails(ExcelReaderService.java:61)
	at com.chandu.ResumeEmailSender.schedulars.EmailSchedulerService.initialize(EmailSchedulerService.java:41)
	at com.chandu.ResumeEmailSender.schedulars.EmailSchedulerService.sendNextEmail(EmailSchedulerService.java:57)
	at jdk.internal.reflect.GeneratedMethodAccessor16.invoke(Unknown Source)
	at java.base/jdk.internal.reflect.DelegatingMethodAccessorImpl.invoke(DelegatingMethodAccessorImpl.java:43)
	at java.base/java.lang.reflect.Method.invoke(Method.java:568)
	at org.springframework.scheduling.support.ScheduledMethodRunnable.runInternal(ScheduledMethodRunnable.java:130)
	at org.springframework.scheduling.support.ScheduledMethodRunnable.lambda$run$2(ScheduledMethodRunnable.java:124)
	at io.micrometer.observation.Observation.observe(Observation.java:498)
	at org.springframework.scheduling.support.ScheduledMethodRunnable.run(ScheduledMethodRunnable.java:124)
	at org.springframework.scheduling.config.Task$OutcomeTrackingRunnable.run(Task.java:85)
	at org.springframework.scheduling.support.DelegatingErrorHandlingRunnable.run(DelegatingErrorHandlingRunnable.java:54)
	at java.base/java.util.concurrent.Executors$RunnableAdapter.call(Executors.java:539)
	at java.base/java.util.concurrent.FutureTask.runAndReset(FutureTask.java:305)
	at java.base/java.util.concurrent.ScheduledThreadPoolExecutor$ScheduledFutureTask.run(ScheduledThreadPoolExecutor.java:305)
	at java.base/java.util.concurrent.ThreadPoolExecutor.runWorker(ThreadPoolExecutor.java:1136)
	at java.base/java.util.concurrent.ThreadPoolExecutor$Worker.run(ThreadPoolExecutor.java:635)
	at java.base/java.lang.Thread.run(Thread.java:833)
Caused by: java.io.FileNotFoundException: C:\Users\chand\Desktop\JavaDev\Practice\Projects\Automatic-Email-Sender-Hr\uploads\hr.xlsx (The system cannot find the path specified)
	at java.base/java.io.FileInputStream.open0(Native Method)
	at java.base/java.io.FileInputStream.open(FileInputStream.java:216)
	at java.base/java.io.FileInputStream.<init>(FileInputStream.java:157)
	at java.base/java.io.FileInputStream.<init>(FileInputStream.java:111)
	at com.chandu.ResumeEmailSender.service.ExcelReaderService.readHrDetails(ExcelReaderService.java:29)
	... 17 common frames omitted
2025-12-05 00:13:26 [scheduling-1] INFO  c.c.R.service.ExcelReaderService - Reading HR details from Excel: C:/Users/chand/Desktop/JavaDev/Practice/Projects/Automatic-Email-Sender-Hr/uploads/hr.xlsx
2025-12-05 00:13:26 [scheduling-1] ERROR c.c.R.service.ExcelReaderService - Error reading Excel file: C:\Users\chand\Desktop\JavaDev\Practice\Projects\Automatic-Email-Sender-Hr\uploads\hr.xlsx (The system cannot find the path specified)
2025-12-05 00:13:26 [scheduling-1] ERROR o.s.s.s.TaskUtils$LoggingErrorHandler - Unexpected error occurred in scheduled task
java.lang.RuntimeException: Could not read Excel file
	at com.chandu.ResumeEmailSender.service.ExcelReaderService.readHrDetails(ExcelReaderService.java:61)
	at com.chandu.ResumeEmailSender.schedulars.EmailSchedulerService.initialize(EmailSchedulerService.java:41)
	at com.chandu.ResumeEmailSender.schedulars.EmailSchedulerService.sendNextEmail(EmailSchedulerService.java:57)
	at jdk.internal.reflect.GeneratedMethodAccessor16.invoke(Unknown Source)
	at java.base/jdk.internal.reflect.DelegatingMethodAccessorImpl.invoke(DelegatingMethodAccessorImpl.java:43)
	at java.base/java.lang.reflect.Method.invoke(Method.java:568)
	at org.springframework.scheduling.support.ScheduledMethodRunnable.runInternal(ScheduledMethodRunnable.java:130)
	at org.springframework.scheduling.support.ScheduledMethodRunnable.lambda$run$2(ScheduledMethodRunnable.java:124)
	at io.micrometer.observation.Observation.observe(Observation.java:498)
	at org.springframework.scheduling.support.ScheduledMethodRunnable.run(ScheduledMethodRunnable.java:124)
	at org.springframework.scheduling.config.Task$OutcomeTrackingRunnable.run(Task.java:85)
	at org.springframework.scheduling.support.DelegatingErrorHandlingRunnable.run(DelegatingErrorHandlingRunnable.java:54)
	at java.base/java.util.concurrent.Executors$RunnableAdapter.call(Executors.java:539)
	at java.base/java.util.concurrent.FutureTask.runAndReset(FutureTask.java:305)
	at java.base/java.util.concurrent.ScheduledThreadPoolExecutor$ScheduledFutureTask.run(ScheduledThreadPoolExecutor.java:305)
	at java.base/java.util.concurrent.ThreadPoolExecutor.runWorker(ThreadPoolExecutor.java:1136)
	at java.base/java.util.concurrent.ThreadPoolExecutor$Worker.run(ThreadPoolExecutor.java:635)
	at java.base/java.lang.Thread.run(Thread.java:833)
Caused by: java.io.FileNotFoundException: C:\Users\chand\Desktop\JavaDev\Practice\Projects\Automatic-Email-Sender-Hr\uploads\hr.xlsx (The system cannot find the path specified)
	at java.base/java.io.FileInputStream.open0(Native Method)
	at java.base/java.io.FileInputStream.open(FileInputStream.java:216)
	at java.base/java.io.FileInputStream.<init>(FileInputStream.java:157)
	at java.base/java.io.FileInputStream.<init>(FileInputStream.java:111)
	at com.chandu.ResumeEmailSender.service.ExcelReaderService.readHrDetails(ExcelReaderService.java:29)
	... 17 common frames omitted
2025-12-05 00:13:31 [scheduling-1] INFO  c.c.R.service.ExcelReaderService - Reading HR details from Excel: C:/Users/chand/Desktop/JavaDev/Practice/Projects/Automatic-Email-Sender-Hr/uploads/hr.xlsx
2025-12-05 00:13:31 [scheduling-1] ERROR c.c.R.service.ExcelReaderService - Error reading Excel file: C:\Users\chand\Desktop\JavaDev\Practice\Projects\Automatic-Email-Sender-Hr\uploads\hr.xlsx (The system cannot find the path specified)
2025-12-05 00:13:31 [scheduling-1] ERROR o.s.s.s.TaskUtils$LoggingErrorHandler - Unexpected error occurred in scheduled task
java.lang.RuntimeException: Could not read Excel file
	at com.chandu.ResumeEmailSender.service.ExcelReaderService.readHrDetails(ExcelReaderService.java:61)
	at com.chandu.ResumeEmailSender.schedulars.EmailSchedulerService.initialize(EmailSchedulerService.java:41)
	at com.chandu.ResumeEmailSender.schedulars.EmailSchedulerService.sendNextEmail(EmailSchedulerService.java:57)
	at jdk.internal.reflect.GeneratedMethodAccessor16.invoke(Unknown Source)
	at java.base/jdk.internal.reflect.DelegatingMethodAccessorImpl.invoke(DelegatingMethodAccessorImpl.java:43)
	at java.base/java.lang.reflect.Method.invoke(Method.java:568)
	at org.springframework.scheduling.support.ScheduledMethodRunnable.runInternal(ScheduledMethodRunnable.java:130)
	at org.springframework.scheduling.support.ScheduledMethodRunnable.lambda$run$2(ScheduledMethodRunnable.java:124)
	at io.micrometer.observation.Observation.observe(Observation.java:498)
	at org.springframework.scheduling.support.ScheduledMethodRunnable.run(ScheduledMethodRunnable.java:124)
	at org.springframework.scheduling.config.Task$OutcomeTrackingRunnable.run(Task.java:85)
	at org.springframework.scheduling.support.DelegatingErrorHandlingRunnable.run(DelegatingErrorHandlingRunnable.java:54)
	at java.base/java.util.concurrent.Executors$RunnableAdapter.call(Executors.java:539)
	at java.base/java.util.concurrent.FutureTask.runAndReset(FutureTask.java:305)
	at java.base/java.util.concurrent.ScheduledThreadPoolExecutor$ScheduledFutureTask.run(ScheduledThreadPoolExecutor.java:305)
	at java.base/java.util.concurrent.ThreadPoolExecutor.runWorker(ThreadPoolExecutor.java:1136)
	at java.base/java.util.concurrent.ThreadPoolExecutor$Worker.run(ThreadPoolExecutor.java:635)
	at java.base/java.lang.Thread.run(Thread.java:833)
Caused by: java.io.FileNotFoundException: C:\Users\chand\Desktop\JavaDev\Practice\Projects\Automatic-Email-Sender-Hr\uploads\hr.xlsx (The system cannot find the path specified)
	at java.base/java.io.FileInputStream.open0(Native Method)
	at java.base/java.io.FileInputStream.open(FileInputStream.java:216)
	at java.base/java.io.FileInputStream.<init>(FileInputStream.java:157)
	at java.base/java.io.FileInputStream.<init>(FileInputStream.java:111)
	at com.chandu.ResumeEmailSender.service.ExcelReaderService.readHrDetails(ExcelReaderService.java:29)
	... 17 common frames omitted
2025-12-05 00:13:36 [scheduling-1] INFO  c.c.R.service.ExcelReaderService - Reading HR details from Excel: C:/Users/chand/Desktop/JavaDev/Practice/Projects/Automatic-Email-Sender-Hr/uploads/hr.xlsx
2025-12-05 00:13:36 [scheduling-1] ERROR c.c.R.service.ExcelReaderService - Error reading Excel file: C:\Users\chand\Desktop\JavaDev\Practice\Projects\Automatic-Email-Sender-Hr\uploads\hr.xlsx (The system cannot find the path specified)
2025-12-05 00:13:36 [scheduling-1] ERROR o.s.s.s.TaskUtils$LoggingErrorHandler - Unexpected error occurred in scheduled task
java.lang.RuntimeException: Could not read Excel file
	at com.chandu.ResumeEmailSender.service.ExcelReaderService.readHrDetails(ExcelReaderService.java:61)
	at com.chandu.ResumeEmailSender.schedulars.EmailSchedulerService.initialize(EmailSchedulerService.java:41)
	at com.chandu.ResumeEmailSender.schedulars.EmailSchedulerService.sendNextEmail(EmailSchedulerService.java:57)
	at jdk.internal.reflect.GeneratedMethodAccessor16.invoke(Unknown Source)
	at java.base/jdk.internal.reflect.DelegatingMethodAccessorImpl.invoke(DelegatingMethodAccessorImpl.java:43)
	at java.base/java.lang.reflect.Method.invoke(Method.java:568)
	at org.springframework.scheduling.support.ScheduledMethodRunnable.runInternal(ScheduledMethodRunnable.java:130)
	at org.springframework.scheduling.support.ScheduledMethodRunnable.lambda$run$2(ScheduledMethodRunnable.java:124)
	at io.micrometer.observation.Observation.observe(Observation.java:498)
	at org.springframework.scheduling.support.ScheduledMethodRunnable.run(ScheduledMethodRunnable.java:124)
	at org.springframework.scheduling.config.Task$OutcomeTrackingRunnable.run(Task.java:85)
	at org.springframework.scheduling.support.DelegatingErrorHandlingRunnable.run(DelegatingErrorHandlingRunnable.java:54)
	at java.base/java.util.concurrent.Executors$RunnableAdapter.call(Executors.java:539)
	at java.base/java.util.concurrent.FutureTask.runAndReset(FutureTask.java:305)
	at java.base/java.util.concurrent.ScheduledThreadPoolExecutor$ScheduledFutureTask.run(ScheduledThreadPoolExecutor.java:305)
	at java.base/java.util.concurrent.ThreadPoolExecutor.runWorker(ThreadPoolExecutor.java:1136)
	at java.base/java.util.concurrent.ThreadPoolExecutor$Worker.run(ThreadPoolExecutor.java:635)
	at java.base/java.lang.Thread.run(Thread.java:833)
Caused by: java.io.FileNotFoundException: C:\Users\chand\Desktop\JavaDev\Practice\Projects\Automatic-Email-Sender-Hr\uploads\hr.xlsx (The system cannot find the path specified)
	at java.base/java.io.FileInputStream.open0(Native Method)
	at java.base/java.io.FileInputStream.open(FileInputStream.java:216)
	at java.base/java.io.FileInputStream.<init>(FileInputStream.java:157)
	at java.base/java.io.FileInputStream.<init>(FileInputStream.java:111)
	at com.chandu.ResumeEmailSender.service.ExcelReaderService.readHrDetails(ExcelReaderService.java:29)
	... 17 common frames omitted
2025-12-05 00:13:41 [scheduling-1] INFO  c.c.R.service.ExcelReaderService - Reading HR details from Excel: C:/Users/chand/Desktop/JavaDev/Practice/Projects/Automatic-Email-Sender-Hr/uploads/hr.xlsx
2025-12-05 00:13:41 [scheduling-1] ERROR c.c.R.service.ExcelReaderService - Error reading Excel file: C:\Users\chand\Desktop\JavaDev\Practice\Projects\Automatic-Email-Sender-Hr\uploads\hr.xlsx (The system cannot find the path specified)
2025-12-05 00:13:41 [scheduling-1] ERROR o.s.s.s.TaskUtils$LoggingErrorHandler - Unexpected error occurred in scheduled task
java.lang.RuntimeException: Could not read Excel file
	at com.chandu.ResumeEmailSender.service.ExcelReaderService.readHrDetails(ExcelReaderService.java:61)
	at com.chandu.ResumeEmailSender.schedulars.EmailSchedulerService.initialize(EmailSchedulerService.java:41)
	at com.chandu.ResumeEmailSender.schedulars.EmailSchedulerService.sendNextEmail(EmailSchedulerService.java:57)
	at jdk.internal.reflect.GeneratedMethodAccessor16.invoke(Unknown Source)
	at java.base/jdk.internal.reflect.DelegatingMethodAccessorImpl.invoke(DelegatingMethodAccessorImpl.java:43)
	at java.base/java.lang.reflect.Method.invoke(Method.java:568)
	at org.springframework.scheduling.support.ScheduledMethodRunnable.runInternal(ScheduledMethodRunnable.java:130)
	at org.springframework.scheduling.support.ScheduledMethodRunnable.lambda$run$2(ScheduledMethodRunnable.java:124)
	at io.micrometer.observation.Observation.observe(Observation.java:498)
	at org.springframework.scheduling.support.ScheduledMethodRunnable.run(ScheduledMethodRunnable.java:124)
	at org.springframework.scheduling.config.Task$OutcomeTrackingRunnable.run(Task.java:85)
	at org.springframework.scheduling.support.DelegatingErrorHandlingRunnable.run(DelegatingErrorHandlingRunnable.java:54)
	at java.base/java.util.concurrent.Executors$RunnableAdapter.call(Executors.java:539)
	at java.base/java.util.concurrent.FutureTask.runAndReset(FutureTask.java:305)
	at java.base/java.util.concurrent.ScheduledThreadPoolExecutor$ScheduledFutureTask.run(ScheduledThreadPoolExecutor.java:305)
	at java.base/java.util.concurrent.ThreadPoolExecutor.runWorker(ThreadPoolExecutor.java:1136)
	at java.base/java.util.concurrent.ThreadPoolExecutor$Worker.run(ThreadPoolExecutor.java:635)
	at java.base/java.lang.Thread.run(Thread.java:833)
Caused by: java.io.FileNotFoundException: C:\Users\chand\Desktop\JavaDev\Practice\Projects\Automatic-Email-Sender-Hr\uploads\hr.xlsx (The system cannot find the path specified)
	at java.base/java.io.FileInputStream.open0(Native Method)
	at java.base/java.io.FileInputStream.open(FileInputStream.java:216)
	at java.base/java.io.FileInputStream.<init>(FileInputStream.java:157)
	at java.base/java.io.FileInputStream.<init>(FileInputStream.java:111)
	at com.chandu.ResumeEmailSender.service.ExcelReaderService.readHrDetails(ExcelReaderService.java:29)
	... 17 common frames omitted
2025-12-05 00:13:46 [scheduling-1] INFO  c.c.R.service.ExcelReaderService - Reading HR details from Excel: C:/Users/chand/Desktop/JavaDev/Practice/Projects/Automatic-Email-Sender-Hr/uploads/hr.xlsx
2025-12-05 00:13:46 [scheduling-1] ERROR c.c.R.service.ExcelReaderService - Error reading Excel file: C:\Users\chand\Desktop\JavaDev\Practice\Projects\Automatic-Email-Sender-Hr\uploads\hr.xlsx (The system cannot find the path specified)
2025-12-05 00:13:46 [scheduling-1] ERROR o.s.s.s.TaskUtils$LoggingErrorHandler - Unexpected error occurred in scheduled task
java.lang.RuntimeException: Could not read Excel file
	at com.chandu.ResumeEmailSender.service.ExcelReaderService.readHrDetails(ExcelReaderService.java:61)
	at com.chandu.ResumeEmailSender.schedulars.EmailSchedulerService.initialize(EmailSchedulerService.java:41)
	at com.chandu.ResumeEmailSender.schedulars.EmailSchedulerService.sendNextEmail(EmailSchedulerService.java:57)
	at jdk.internal.reflect.GeneratedMethodAccessor16.invoke(Unknown Source)
	at java.base/jdk.internal.reflect.DelegatingMethodAccessorImpl.invoke(DelegatingMethodAccessorImpl.java:43)
	at java.base/java.lang.reflect.Method.invoke(Method.java:568)
	at org.springframework.scheduling.support.ScheduledMethodRunnable.runInternal(ScheduledMethodRunnable.java:130)
	at org.springframework.scheduling.support.ScheduledMethodRunnable.lambda$run$2(ScheduledMethodRunnable.java:124)
	at io.micrometer.observation.Observation.observe(Observation.java:498)
	at org.springframework.scheduling.support.ScheduledMethodRunnable.run(ScheduledMethodRunnable.java:124)
	at org.springframework.scheduling.config.Task$OutcomeTrackingRunnable.run(Task.java:85)
	at org.springframework.scheduling.support.DelegatingErrorHandlingRunnable.run(DelegatingErrorHandlingRunnable.java:54)
	at java.base/java.util.concurrent.Executors$RunnableAdapter.call(Executors.java:539)
	at java.base/java.util.concurrent.FutureTask.runAndReset(FutureTask.java:305)
	at java.base/java.util.concurrent.ScheduledThreadPoolExecutor$ScheduledFutureTask.run(ScheduledThreadPoolExecutor.java:305)
	at java.base/java.util.concurrent.ThreadPoolExecutor.runWorker(ThreadPoolExecutor.java:1136)
	at java.base/java.util.concurrent.ThreadPoolExecutor$Worker.run(ThreadPoolExecutor.java:635)
	at java.base/java.lang.Thread.run(Thread.java:833)
Caused by: java.io.FileNotFoundException: C:\Users\chand\Desktop\JavaDev\Practice\Projects\Automatic-Email-Sender-Hr\uploads\hr.xlsx (The system cannot find the path specified)
	at java.base/java.io.FileInputStream.open0(Native Method)
	at java.base/java.io.FileInputStream.open(FileInputStream.java:216)
	at java.base/java.io.FileInputStream.<init>(FileInputStream.java:157)
	at java.base/java.io.FileInputStream.<init>(FileInputStream.java:111)
	at com.chandu.ResumeEmailSender.service.ExcelReaderService.readHrDetails(ExcelReaderService.java:29)
	... 17 common frames omitted
2025-12-05 00:13:51 [scheduling-1] INFO  c.c.R.service.ExcelReaderService - Reading HR details from Excel: C:/Users/chand/Desktop/JavaDev/Practice/Projects/Automatic-Email-Sender-Hr/uploads/hr.xlsx
2025-12-05 00:13:51 [scheduling-1] ERROR c.c.R.service.ExcelReaderService - Error reading Excel file: C:\Users\chand\Desktop\JavaDev\Practice\Projects\Automatic-Email-Sender-Hr\uploads\hr.xlsx (The system cannot find the path specified)
2025-12-05 00:13:51 [scheduling-1] ERROR o.s.s.s.TaskUtils$LoggingErrorHandler - Unexpected error occurred in scheduled task
java.lang.RuntimeException: Could not read Excel file
	at com.chandu.ResumeEmailSender.service.ExcelReaderService.readHrDetails(ExcelReaderService.java:61)
	at com.chandu.ResumeEmailSender.schedulars.EmailSchedulerService.initialize(EmailSchedulerService.java:41)
	at com.chandu.ResumeEmailSender.schedulars.EmailSchedulerService.sendNextEmail(EmailSchedulerService.java:57)
	at jdk.internal.reflect.GeneratedMethodAccessor16.invoke(Unknown Source)
	at java.base/jdk.internal.reflect.DelegatingMethodAccessorImpl.invoke(DelegatingMethodAccessorImpl.java:43)
	at java.base/java.lang.reflect.Method.invoke(Method.java:568)
	at org.springframework.scheduling.support.ScheduledMethodRunnable.runInternal(ScheduledMethodRunnable.java:130)
	at org.springframework.scheduling.support.ScheduledMethodRunnable.lambda$run$2(ScheduledMethodRunnable.java:124)
	at io.micrometer.observation.Observation.observe(Observation.java:498)
	at org.springframework.scheduling.support.ScheduledMethodRunnable.run(ScheduledMethodRunnable.java:124)
	at org.springframework.scheduling.config.Task$OutcomeTrackingRunnable.run(Task.java:85)
	at org.springframework.scheduling.support.DelegatingErrorHandlingRunnable.run(DelegatingErrorHandlingRunnable.java:54)
	at java.base/java.util.concurrent.Executors$RunnableAdapter.call(Executors.java:539)
	at java.base/java.util.concurrent.FutureTask.runAndReset(FutureTask.java:305)
	at java.base/java.util.concurrent.ScheduledThreadPoolExecutor$ScheduledFutureTask.run(ScheduledThreadPoolExecutor.java:305)
	at java.base/java.util.concurrent.ThreadPoolExecutor.runWorker(ThreadPoolExecutor.java:1136)
	at java.base/java.util.concurrent.ThreadPoolExecutor$Worker.run(ThreadPoolExecutor.java:635)
	at java.base/java.lang.Thread.run(Thread.java:833)
Caused by: java.io.FileNotFoundException: C:\Users\chand\Desktop\JavaDev\Practice\Projects\Automatic-Email-Sender-Hr\uploads\hr.xlsx (The system cannot find the path specified)
	at java.base/java.io.FileInputStream.open0(Native Method)
	at java.base/java.io.FileInputStream.open(FileInputStream.java:216)
	at java.base/java.io.FileInputStream.<init>(FileInputStream.java:157)
	at java.base/java.io.FileInputStream.<init>(FileInputStream.java:111)
	at com.chandu.ResumeEmailSender.service.ExcelReaderService.readHrDetails(ExcelReaderService.java:29)
	... 17 common frames omitted
2025-12-05 00:13:56 [scheduling-1] INFO  c.c.R.service.ExcelReaderService - Reading HR details from Excel: C:/Users/chand/Desktop/JavaDev/Practice/Projects/Automatic-Email-Sender-Hr/uploads/hr.xlsx
2025-12-05 00:13:56 [scheduling-1] ERROR c.c.R.service.ExcelReaderService - Error reading Excel file: C:\Users\chand\Desktop\JavaDev\Practice\Projects\Automatic-Email-Sender-Hr\uploads\hr.xlsx (The system cannot find the path specified)
2025-12-05 00:13:56 [scheduling-1] ERROR o.s.s.s.TaskUtils$LoggingErrorHandler - Unexpected error occurred in scheduled task
java.lang.RuntimeException: Could not read Excel file
	at com.chandu.ResumeEmailSender.service.ExcelReaderService.readHrDetails(ExcelReaderService.java:61)
	at com.chandu.ResumeEmailSender.schedulars.EmailSchedulerService.initialize(EmailSchedulerService.java:41)
	at com.chandu.ResumeEmailSender.schedulars.EmailSchedulerService.sendNextEmail(EmailSchedulerService.java:57)
	at jdk.internal.reflect.GeneratedMethodAccessor16.invoke(Unknown Source)
	at java.base/jdk.internal.reflect.DelegatingMethodAccessorImpl.invoke(DelegatingMethodAccessorImpl.java:43)
	at java.base/java.lang.reflect.Method.invoke(Method.java:568)
	at org.springframework.scheduling.support.ScheduledMethodRunnable.runInternal(ScheduledMethodRunnable.java:130)
	at org.springframework.scheduling.support.ScheduledMethodRunnable.lambda$run$2(ScheduledMethodRunnable.java:124)
	at io.micrometer.observation.Observation.observe(Observation.java:498)
	at org.springframework.scheduling.support.ScheduledMethodRunnable.run(ScheduledMethodRunnable.java:124)
	at org.springframework.scheduling.config.Task$OutcomeTrackingRunnable.run(Task.java:85)
	at org.springframework.scheduling.support.DelegatingErrorHandlingRunnable.run(DelegatingErrorHandlingRunnable.java:54)
	at java.base/java.util.concurrent.Executors$RunnableAdapter.call(Executors.java:539)
	at java.base/java.util.concurrent.FutureTask.runAndReset(FutureTask.java:305)
	at java.base/java.util.concurrent.ScheduledThreadPoolExecutor$ScheduledFutureTask.run(ScheduledThreadPoolExecutor.java:305)
	at java.base/java.util.concurrent.ThreadPoolExecutor.runWorker(ThreadPoolExecutor.java:1136)
	at java.base/java.util.concurrent.ThreadPoolExecutor$Worker.run(ThreadPoolExecutor.java:635)
	at java.base/java.lang.Thread.run(Thread.java:833)
Caused by: java.io.FileNotFoundException: C:\Users\chand\Desktop\JavaDev\Practice\Projects\Automatic-Email-Sender-Hr\uploads\hr.xlsx (The system cannot find the path specified)
	at java.base/java.io.FileInputStream.open0(Native Method)
	at java.base/java.io.FileInputStream.open(FileInputStream.java:216)
	at java.base/java.io.FileInputStream.<init>(FileInputStream.java:157)
	at java.base/java.io.FileInputStream.<init>(FileInputStream.java:111)
	at com.chandu.ResumeEmailSender.service.ExcelReaderService.readHrDetails(ExcelReaderService.java:29)
	... 17 common frames omitted
2025-12-05 00:14:01 [scheduling-1] INFO  c.c.R.service.ExcelReaderService - Reading HR details from Excel: C:/Users/chand/Desktop/JavaDev/Practice/Projects/Automatic-Email-Sender-Hr/uploads/hr.xlsx
2025-12-05 00:14:01 [scheduling-1] ERROR c.c.R.service.ExcelReaderService - Error reading Excel file: C:\Users\chand\Desktop\JavaDev\Practice\Projects\Automatic-Email-Sender-Hr\uploads\hr.xlsx (The system cannot find the path specified)
2025-12-05 00:14:01 [scheduling-1] ERROR o.s.s.s.TaskUtils$LoggingErrorHandler - Unexpected error occurred in scheduled task
java.lang.RuntimeException: Could not read Excel file
	at com.chandu.ResumeEmailSender.service.ExcelReaderService.readHrDetails(ExcelReaderService.java:61)
	at com.chandu.ResumeEmailSender.schedulars.EmailSchedulerService.initialize(EmailSchedulerService.java:41)
	at com.chandu.ResumeEmailSender.schedulars.EmailSchedulerService.sendNextEmail(EmailSchedulerService.java:57)
	at jdk.internal.reflect.GeneratedMethodAccessor16.invoke(Unknown Source)
	at java.base/jdk.internal.reflect.DelegatingMethodAccessorImpl.invoke(DelegatingMethodAccessorImpl.java:43)
	at java.base/java.lang.reflect.Method.invoke(Method.java:568)
	at org.springframework.scheduling.support.ScheduledMethodRunnable.runInternal(ScheduledMethodRunnable.java:130)
	at org.springframework.scheduling.support.ScheduledMethodRunnable.lambda$run$2(ScheduledMethodRunnable.java:124)
	at io.micrometer.observation.Observation.observe(Observation.java:498)
	at org.springframework.scheduling.support.ScheduledMethodRunnable.run(ScheduledMethodRunnable.java:124)
	at org.springframework.scheduling.config.Task$OutcomeTrackingRunnable.run(Task.java:85)
	at org.springframework.scheduling.support.DelegatingErrorHandlingRunnable.run(DelegatingErrorHandlingRunnable.java:54)
	at java.base/java.util.concurrent.Executors$RunnableAdapter.call(Executors.java:539)
	at java.base/java.util.concurrent.FutureTask.runAndReset(FutureTask.java:305)
	at java.base/java.util.concurrent.ScheduledThreadPoolExecutor$ScheduledFutureTask.run(ScheduledThreadPoolExecutor.java:305)
	at java.base/java.util.concurrent.ThreadPoolExecutor.runWorker(ThreadPoolExecutor.java:1136)
	at java.base/java.util.concurrent.ThreadPoolExecutor$Worker.run(ThreadPoolExecutor.java:635)
	at java.base/java.lang.Thread.run(Thread.java:833)
Caused by: java.io.FileNotFoundException: C:\Users\chand\Desktop\JavaDev\Practice\Projects\Automatic-Email-Sender-Hr\uploads\hr.xlsx (The system cannot find the path specified)
	at java.base/java.io.FileInputStream.open0(Native Method)
	at java.base/java.io.FileInputStream.open(FileInputStream.java:216)
	at java.base/java.io.FileInputStream.<init>(FileInputStream.java:157)
	at java.base/java.io.FileInputStream.<init>(FileInputStream.java:111)
	at com.chandu.ResumeEmailSender.service.ExcelReaderService.readHrDetails(ExcelReaderService.java:29)
	... 17 common frames omitted
2025-12-05 00:14:06 [scheduling-1] INFO  c.c.R.service.ExcelReaderService - Reading HR details from Excel: C:/Users/chand/Desktop/JavaDev/Practice/Projects/Automatic-Email-Sender-Hr/uploads/hr.xlsx
2025-12-05 00:14:06 [scheduling-1] ERROR c.c.R.service.ExcelReaderService - Error reading Excel file: C:\Users\chand\Desktop\JavaDev\Practice\Projects\Automatic-Email-Sender-Hr\uploads\hr.xlsx (The system cannot find the path specified)
2025-12-05 00:14:06 [scheduling-1] ERROR o.s.s.s.TaskUtils$LoggingErrorHandler - Unexpected error occurred in scheduled task
java.lang.RuntimeException: Could not read Excel file
	at com.chandu.ResumeEmailSender.service.ExcelReaderService.readHrDetails(ExcelReaderService.java:61)
	at com.chandu.ResumeEmailSender.schedulars.EmailSchedulerService.initialize(EmailSchedulerService.java:41)
	at com.chandu.ResumeEmailSender.schedulars.EmailSchedulerService.sendNextEmail(EmailSchedulerService.java:57)
	at jdk.internal.reflect.GeneratedMethodAccessor16.invoke(Unknown Source)
	at java.base/jdk.internal.reflect.DelegatingMethodAccessorImpl.invoke(DelegatingMethodAccessorImpl.java:43)
	at java.base/java.lang.reflect.Method.invoke(Method.java:568)
	at org.springframework.scheduling.support.ScheduledMethodRunnable.runInternal(ScheduledMethodRunnable.java:130)
	at org.springframework.scheduling.support.ScheduledMethodRunnable.lambda$run$2(ScheduledMethodRunnable.java:124)
	at io.micrometer.observation.Observation.observe(Observation.java:498)
	at org.springframework.scheduling.support.ScheduledMethodRunnable.run(ScheduledMethodRunnable.java:124)
	at org.springframework.scheduling.config.Task$OutcomeTrackingRunnable.run(Task.java:85)
	at org.springframework.scheduling.support.DelegatingErrorHandlingRunnable.run(DelegatingErrorHandlingRunnable.java:54)
	at java.base/java.util.concurrent.Executors$RunnableAdapter.call(Executors.java:539)
	at java.base/java.util.concurrent.FutureTask.runAndReset(FutureTask.java:305)
	at java.base/java.util.concurrent.ScheduledThreadPoolExecutor$ScheduledFutureTask.run(ScheduledThreadPoolExecutor.java:305)
	at java.base/java.util.concurrent.ThreadPoolExecutor.runWorker(ThreadPoolExecutor.java:1136)
	at java.base/java.util.concurrent.ThreadPoolExecutor$Worker.run(ThreadPoolExecutor.java:635)
	at java.base/java.lang.Thread.run(Thread.java:833)
Caused by: java.io.FileNotFoundException: C:\Users\chand\Desktop\JavaDev\Practice\Projects\Automatic-Email-Sender-Hr\uploads\hr.xlsx (The system cannot find the path specified)
	at java.base/java.io.FileInputStream.open0(Native Method)
	at java.base/java.io.FileInputStream.open(FileInputStream.java:216)
	at java.base/java.io.FileInputStream.<init>(FileInputStream.java:157)
	at java.base/java.io.FileInputStream.<init>(FileInputStream.java:111)
	at com.chandu.ResumeEmailSender.service.ExcelReaderService.readHrDetails(ExcelReaderService.java:29)
	... 17 common frames omitted
2025-12-05 00:14:11 [scheduling-1] INFO  c.c.R.service.ExcelReaderService - Reading HR details from Excel: C:/Users/chand/Desktop/JavaDev/Practice/Projects/Automatic-Email-Sender-Hr/uploads/hr.xlsx
2025-12-05 00:14:11 [scheduling-1] ERROR c.c.R.service.ExcelReaderService - Error reading Excel file: C:\Users\chand\Desktop\JavaDev\Practice\Projects\Automatic-Email-Sender-Hr\uploads\hr.xlsx (The system cannot find the path specified)
2025-12-05 00:14:11 [scheduling-1] ERROR o.s.s.s.TaskUtils$LoggingErrorHandler - Unexpected error occurred in scheduled task
java.lang.RuntimeException: Could not read Excel file
	at com.chandu.ResumeEmailSender.service.ExcelReaderService.readHrDetails(ExcelReaderService.java:61)
	at com.chandu.ResumeEmailSender.schedulars.EmailSchedulerService.initialize(EmailSchedulerService.java:41)
	at com.chandu.ResumeEmailSender.schedulars.EmailSchedulerService.sendNextEmail(EmailSchedulerService.java:57)
	at jdk.internal.reflect.GeneratedMethodAccessor16.invoke(Unknown Source)
	at java.base/jdk.internal.reflect.DelegatingMethodAccessorImpl.invoke(DelegatingMethodAccessorImpl.java:43)
	at java.base/java.lang.reflect.Method.invoke(Method.java:568)
	at org.springframework.scheduling.support.ScheduledMethodRunnable.runInternal(ScheduledMethodRunnable.java:130)
	at org.springframework.scheduling.support.ScheduledMethodRunnable.lambda$run$2(ScheduledMethodRunnable.java:124)
	at io.micrometer.observation.Observation.observe(Observation.java:498)
	at org.springframework.scheduling.support.ScheduledMethodRunnable.run(ScheduledMethodRunnable.java:124)
	at org.springframework.scheduling.config.Task$OutcomeTrackingRunnable.run(Task.java:85)
	at org.springframework.scheduling.support.DelegatingErrorHandlingRunnable.run(DelegatingErrorHandlingRunnable.java:54)
	at java.base/java.util.concurrent.Executors$RunnableAdapter.call(Executors.java:539)
	at java.base/java.util.concurrent.FutureTask.runAndReset(FutureTask.java:305)
	at java.base/java.util.concurrent.ScheduledThreadPoolExecutor$ScheduledFutureTask.run(ScheduledThreadPoolExecutor.java:305)
	at java.base/java.util.concurrent.ThreadPoolExecutor.runWorker(ThreadPoolExecutor.java:1136)
	at java.base/java.util.concurrent.ThreadPoolExecutor$Worker.run(ThreadPoolExecutor.java:635)
	at java.base/java.lang.Thread.run(Thread.java:833)
Caused by: java.io.FileNotFoundException: C:\Users\chand\Desktop\JavaDev\Practice\Projects\Automatic-Email-Sender-Hr\uploads\hr.xlsx (The system cannot find the path specified)
	at java.base/java.io.FileInputStream.open0(Native Method)
	at java.base/java.io.FileInputStream.open(FileInputStream.java:216)
	at java.base/java.io.FileInputStream.<init>(FileInputStream.java:157)
	at java.base/java.io.FileInputStream.<init>(FileInputStream.java:111)
	at com.chandu.ResumeEmailSender.service.ExcelReaderService.readHrDetails(ExcelReaderService.java:29)
	... 17 common frames omitted
2025-12-05 00:14:16 [scheduling-1] INFO  c.c.R.service.ExcelReaderService - Reading HR details from Excel: C:/Users/chand/Desktop/JavaDev/Practice/Projects/Automatic-Email-Sender-Hr/uploads/hr.xlsx
2025-12-05 00:14:16 [scheduling-1] ERROR c.c.R.service.ExcelReaderService - Error reading Excel file: C:\Users\chand\Desktop\JavaDev\Practice\Projects\Automatic-Email-Sender-Hr\uploads\hr.xlsx (The system cannot find the path specified)
2025-12-05 00:14:16 [scheduling-1] ERROR o.s.s.s.TaskUtils$LoggingErrorHandler - Unexpected error occurred in scheduled task
java.lang.RuntimeException: Could not read Excel file
	at com.chandu.ResumeEmailSender.service.ExcelReaderService.readHrDetails(ExcelReaderService.java:61)
	at com.chandu.ResumeEmailSender.schedulars.EmailSchedulerService.initialize(EmailSchedulerService.java:41)
	at com.chandu.ResumeEmailSender.schedulars.EmailSchedulerService.sendNextEmail(EmailSchedulerService.java:57)
	at jdk.internal.reflect.GeneratedMethodAccessor16.invoke(Unknown Source)
	at java.base/jdk.internal.reflect.DelegatingMethodAccessorImpl.invoke(DelegatingMethodAccessorImpl.java:43)
	at java.base/java.lang.reflect.Method.invoke(Method.java:568)
	at org.springframework.scheduling.support.ScheduledMethodRunnable.runInternal(ScheduledMethodRunnable.java:130)
	at org.springframework.scheduling.support.ScheduledMethodRunnable.lambda$run$2(ScheduledMethodRunnable.java:124)
	at io.micrometer.observation.Observation.observe(Observation.java:498)
	at org.springframework.scheduling.support.ScheduledMethodRunnable.run(ScheduledMethodRunnable.java:124)
	at org.springframework.scheduling.config.Task$OutcomeTrackingRunnable.run(Task.java:85)
	at org.springframework.scheduling.support.DelegatingErrorHandlingRunnable.run(DelegatingErrorHandlingRunnable.java:54)
	at java.base/java.util.concurrent.Executors$RunnableAdapter.call(Executors.java:539)
	at java.base/java.util.concurrent.FutureTask.runAndReset(FutureTask.java:305)
	at java.base/java.util.concurrent.ScheduledThreadPoolExecutor$ScheduledFutureTask.run(ScheduledThreadPoolExecutor.java:305)
	at java.base/java.util.concurrent.ThreadPoolExecutor.runWorker(ThreadPoolExecutor.java:1136)
	at java.base/java.util.concurrent.ThreadPoolExecutor$Worker.run(ThreadPoolExecutor.java:635)
	at java.base/java.lang.Thread.run(Thread.java:833)
Caused by: java.io.FileNotFoundException: C:\Users\chand\Desktop\JavaDev\Practice\Projects\Automatic-Email-Sender-Hr\uploads\hr.xlsx (The system cannot find the path specified)
	at java.base/java.io.FileInputStream.open0(Native Method)
	at java.base/java.io.FileInputStream.open(FileInputStream.java:216)
	at java.base/java.io.FileInputStream.<init>(FileInputStream.java:157)
	at java.base/java.io.FileInputStream.<init>(FileInputStream.java:111)
	at com.chandu.ResumeEmailSender.service.ExcelReaderService.readHrDetails(ExcelReaderService.java:29)
	... 17 common frames omitted
2025-12-05 00:14:21 [scheduling-1] INFO  c.c.R.service.ExcelReaderService - Reading HR details from Excel: C:/Users/chand/Desktop/JavaDev/Practice/Projects/Automatic-Email-Sender-Hr/uploads/hr.xlsx
2025-12-05 00:14:21 [scheduling-1] ERROR c.c.R.service.ExcelReaderService - Error reading Excel file: C:\Users\chand\Desktop\JavaDev\Practice\Projects\Automatic-Email-Sender-Hr\uploads\hr.xlsx (The system cannot find the path specified)
2025-12-05 00:14:21 [scheduling-1] ERROR o.s.s.s.TaskUtils$LoggingErrorHandler - Unexpected error occurred in scheduled task
java.lang.RuntimeException: Could not read Excel file
	at com.chandu.ResumeEmailSender.service.ExcelReaderService.readHrDetails(ExcelReaderService.java:61)
	at com.chandu.ResumeEmailSender.schedulars.EmailSchedulerService.initialize(EmailSchedulerService.java:41)
	at com.chandu.ResumeEmailSender.schedulars.EmailSchedulerService.sendNextEmail(EmailSchedulerService.java:57)
	at jdk.internal.reflect.GeneratedMethodAccessor16.invoke(Unknown Source)
	at java.base/jdk.internal.reflect.DelegatingMethodAccessorImpl.invoke(DelegatingMethodAccessorImpl.java:43)
	at java.base/java.lang.reflect.Method.invoke(Method.java:568)
	at org.springframework.scheduling.support.ScheduledMethodRunnable.runInternal(ScheduledMethodRunnable.java:130)
	at org.springframework.scheduling.support.ScheduledMethodRunnable.lambda$run$2(ScheduledMethodRunnable.java:124)
	at io.micrometer.observation.Observation.observe(Observation.java:498)
	at org.springframework.scheduling.support.ScheduledMethodRunnable.run(ScheduledMethodRunnable.java:124)
	at org.springframework.scheduling.config.Task$OutcomeTrackingRunnable.run(Task.java:85)
	at org.springframework.scheduling.support.DelegatingErrorHandlingRunnable.run(DelegatingErrorHandlingRunnable.java:54)
	at java.base/java.util.concurrent.Executors$RunnableAdapter.call(Executors.java:539)
	at java.base/java.util.concurrent.FutureTask.runAndReset(FutureTask.java:305)
	at java.base/java.util.concurrent.ScheduledThreadPoolExecutor$ScheduledFutureTask.run(ScheduledThreadPoolExecutor.java:305)
	at java.base/java.util.concurrent.ThreadPoolExecutor.runWorker(ThreadPoolExecutor.java:1136)
	at java.base/java.util.concurrent.ThreadPoolExecutor$Worker.run(ThreadPoolExecutor.java:635)
	at java.base/java.lang.Thread.run(Thread.java:833)
Caused by: java.io.FileNotFoundException: C:\Users\chand\Desktop\JavaDev\Practice\Projects\Automatic-Email-Sender-Hr\uploads\hr.xlsx (The system cannot find the path specified)
	at java.base/java.io.FileInputStream.open0(Native Method)
	at java.base/java.io.FileInputStream.open(FileInputStream.java:216)
	at java.base/java.io.FileInputStream.<init>(FileInputStream.java:157)
	at java.base/java.io.FileInputStream.<init>(FileInputStream.java:111)
	at com.chandu.ResumeEmailSender.service.ExcelReaderService.readHrDetails(ExcelReaderService.java:29)
	... 17 common frames omitted
2025-12-05 00:14:26 [scheduling-1] INFO  c.c.R.service.ExcelReaderService - Reading HR details from Excel: C:/Users/chand/Desktop/JavaDev/Practice/Projects/Automatic-Email-Sender-Hr/uploads/hr.xlsx
2025-12-05 00:14:26 [scheduling-1] ERROR c.c.R.service.ExcelReaderService - Error reading Excel file: C:\Users\chand\Desktop\JavaDev\Practice\Projects\Automatic-Email-Sender-Hr\uploads\hr.xlsx (The system cannot find the path specified)
2025-12-05 00:14:26 [scheduling-1] ERROR o.s.s.s.TaskUtils$LoggingErrorHandler - Unexpected error occurred in scheduled task
java.lang.RuntimeException: Could not read Excel file
	at com.chandu.ResumeEmailSender.service.ExcelReaderService.readHrDetails(ExcelReaderService.java:61)
	at com.chandu.ResumeEmailSender.schedulars.EmailSchedulerService.initialize(EmailSchedulerService.java:41)
	at com.chandu.ResumeEmailSender.schedulars.EmailSchedulerService.sendNextEmail(EmailSchedulerService.java:57)
	at jdk.internal.reflect.GeneratedMethodAccessor16.invoke(Unknown Source)
	at java.base/jdk.internal.reflect.DelegatingMethodAccessorImpl.invoke(DelegatingMethodAccessorImpl.java:43)
	at java.base/java.lang.reflect.Method.invoke(Method.java:568)
	at org.springframework.scheduling.support.ScheduledMethodRunnable.runInternal(ScheduledMethodRunnable.java:130)
	at org.springframework.scheduling.support.ScheduledMethodRunnable.lambda$run$2(ScheduledMethodRunnable.java:124)
	at io.micrometer.observation.Observation.observe(Observation.java:498)
	at org.springframework.scheduling.support.ScheduledMethodRunnable.run(ScheduledMethodRunnable.java:124)
	at org.springframework.scheduling.config.Task$OutcomeTrackingRunnable.run(Task.java:85)
	at org.springframework.scheduling.support.DelegatingErrorHandlingRunnable.run(DelegatingErrorHandlingRunnable.java:54)
	at java.base/java.util.concurrent.Executors$RunnableAdapter.call(Executors.java:539)
	at java.base/java.util.concurrent.FutureTask.runAndReset(FutureTask.java:305)
	at java.base/java.util.concurrent.ScheduledThreadPoolExecutor$ScheduledFutureTask.run(ScheduledThreadPoolExecutor.java:305)
	at java.base/java.util.concurrent.ThreadPoolExecutor.runWorker(ThreadPoolExecutor.java:1136)
	at java.base/java.util.concurrent.ThreadPoolExecutor$Worker.run(ThreadPoolExecutor.java:635)
	at java.base/java.lang.Thread.run(Thread.java:833)
Caused by: java.io.FileNotFoundException: C:\Users\chand\Desktop\JavaDev\Practice\Projects\Automatic-Email-Sender-Hr\uploads\hr.xlsx (The system cannot find the path specified)
	at java.base/java.io.FileInputStream.open0(Native Method)
	at java.base/java.io.FileInputStream.open(FileInputStream.java:216)
	at java.base/java.io.FileInputStream.<init>(FileInputStream.java:157)
	at java.base/java.io.FileInputStream.<init>(FileInputStream.java:111)
	at com.chandu.ResumeEmailSender.service.ExcelReaderService.readHrDetails(ExcelReaderService.java:29)
	... 17 common frames omitted
2025-12-05 00:14:31 [scheduling-1] INFO  c.c.R.service.ExcelReaderService - Reading HR details from Excel: C:/Users/chand/Desktop/JavaDev/Practice/Projects/Automatic-Email-Sender-Hr/uploads/hr.xlsx
2025-12-05 00:14:31 [scheduling-1] ERROR c.c.R.service.ExcelReaderService - Error reading Excel file: C:\Users\chand\Desktop\JavaDev\Practice\Projects\Automatic-Email-Sender-Hr\uploads\hr.xlsx (The system cannot find the path specified)
2025-12-05 00:14:31 [scheduling-1] ERROR o.s.s.s.TaskUtils$LoggingErrorHandler - Unexpected error occurred in scheduled task
java.lang.RuntimeException: Could not read Excel file
	at com.chandu.ResumeEmailSender.service.ExcelReaderService.readHrDetails(ExcelReaderService.java:61)
	at com.chandu.ResumeEmailSender.schedulars.EmailSchedulerService.initialize(EmailSchedulerService.java:41)
	at com.chandu.ResumeEmailSender.schedulars.EmailSchedulerService.sendNextEmail(EmailSchedulerService.java:57)
	at jdk.internal.reflect.GeneratedMethodAccessor16.invoke(Unknown Source)
	at java.base/jdk.internal.reflect.DelegatingMethodAccessorImpl.invoke(DelegatingMethodAccessorImpl.java:43)
	at java.base/java.lang.reflect.Method.invoke(Method.java:568)
	at org.springframework.scheduling.support.ScheduledMethodRunnable.runInternal(ScheduledMethodRunnable.java:130)
	at org.springframework.scheduling.support.ScheduledMethodRunnable.lambda$run$2(ScheduledMethodRunnable.java:124)
	at io.micrometer.observation.Observation.observe(Observation.java:498)
	at org.springframework.scheduling.support.ScheduledMethodRunnable.run(ScheduledMethodRunnable.java:124)
	at org.springframework.scheduling.config.Task$OutcomeTrackingRunnable.run(Task.java:85)
	at org.springframework.scheduling.support.DelegatingErrorHandlingRunnable.run(DelegatingErrorHandlingRunnable.java:54)
	at java.base/java.util.concurrent.Executors$RunnableAdapter.call(Executors.java:539)
	at java.base/java.util.concurrent.FutureTask.runAndReset(FutureTask.java:305)
	at java.base/java.util.concurrent.ScheduledThreadPoolExecutor$ScheduledFutureTask.run(ScheduledThreadPoolExecutor.java:305)
	at java.base/java.util.concurrent.ThreadPoolExecutor.runWorker(ThreadPoolExecutor.java:1136)
	at java.base/java.util.concurrent.ThreadPoolExecutor$Worker.run(ThreadPoolExecutor.java:635)
	at java.base/java.lang.Thread.run(Thread.java:833)
Caused by: java.io.FileNotFoundException: C:\Users\chand\Desktop\JavaDev\Practice\Projects\Automatic-Email-Sender-Hr\uploads\hr.xlsx (The system cannot find the path specified)
	at java.base/java.io.FileInputStream.open0(Native Method)
	at java.base/java.io.FileInputStream.open(FileInputStream.java:216)
	at java.base/java.io.FileInputStream.<init>(FileInputStream.java:157)
	at java.base/java.io.FileInputStream.<init>(FileInputStream.java:111)
	at com.chandu.ResumeEmailSender.service.ExcelReaderService.readHrDetails(ExcelReaderService.java:29)
	... 17 common frames omitted
2025-12-05 00:14:36 [scheduling-1] INFO  c.c.R.service.ExcelReaderService - Reading HR details from Excel: C:/Users/chand/Desktop/JavaDev/Practice/Projects/Automatic-Email-Sender-Hr/uploads/hr.xlsx
2025-12-05 00:14:36 [scheduling-1] ERROR c.c.R.service.ExcelReaderService - Error reading Excel file: C:\Users\chand\Desktop\JavaDev\Practice\Projects\Automatic-Email-Sender-Hr\uploads\hr.xlsx (The system cannot find the path specified)
2025-12-05 00:14:36 [scheduling-1] ERROR o.s.s.s.TaskUtils$LoggingErrorHandler - Unexpected error occurred in scheduled task
java.lang.RuntimeException: Could not read Excel file
	at com.chandu.ResumeEmailSender.service.ExcelReaderService.readHrDetails(ExcelReaderService.java:61)
	at com.chandu.ResumeEmailSender.schedulars.EmailSchedulerService.initialize(EmailSchedulerService.java:41)
	at com.chandu.ResumeEmailSender.schedulars.EmailSchedulerService.sendNextEmail(EmailSchedulerService.java:57)
	at jdk.internal.reflect.GeneratedMethodAccessor16.invoke(Unknown Source)
	at java.base/jdk.internal.reflect.DelegatingMethodAccessorImpl.invoke(DelegatingMethodAccessorImpl.java:43)
	at java.base/java.lang.reflect.Method.invoke(Method.java:568)
	at org.springframework.scheduling.support.ScheduledMethodRunnable.runInternal(ScheduledMethodRunnable.java:130)
	at org.springframework.scheduling.support.ScheduledMethodRunnable.lambda$run$2(ScheduledMethodRunnable.java:124)
	at io.micrometer.observation.Observation.observe(Observation.java:498)
	at org.springframework.scheduling.support.ScheduledMethodRunnable.run(ScheduledMethodRunnable.java:124)
	at org.springframework.scheduling.config.Task$OutcomeTrackingRunnable.run(Task.java:85)
	at org.springframework.scheduling.support.DelegatingErrorHandlingRunnable.run(DelegatingErrorHandlingRunnable.java:54)
	at java.base/java.util.concurrent.Executors$RunnableAdapter.call(Executors.java:539)
	at java.base/java.util.concurrent.FutureTask.runAndReset(FutureTask.java:305)
	at java.base/java.util.concurrent.ScheduledThreadPoolExecutor$ScheduledFutureTask.run(ScheduledThreadPoolExecutor.java:305)
	at java.base/java.util.concurrent.ThreadPoolExecutor.runWorker(ThreadPoolExecutor.java:1136)
	at java.base/java.util.concurrent.ThreadPoolExecutor$Worker.run(ThreadPoolExecutor.java:635)
	at java.base/java.lang.Thread.run(Thread.java:833)
Caused by: java.io.FileNotFoundException: C:\Users\chand\Desktop\JavaDev\Practice\Projects\Automatic-Email-Sender-Hr\uploads\hr.xlsx (The system cannot find the path specified)
	at java.base/java.io.FileInputStream.open0(Native Method)
	at java.base/java.io.FileInputStream.open(FileInputStream.java:216)
	at java.base/java.io.FileInputStream.<init>(FileInputStream.java:157)
	at java.base/java.io.FileInputStream.<init>(FileInputStream.java:111)
	at com.chandu.ResumeEmailSender.service.ExcelReaderService.readHrDetails(ExcelReaderService.java:29)
	... 17 common frames omitted
2025-12-05 00:14:41 [scheduling-1] INFO  c.c.R.service.ExcelReaderService - Reading HR details from Excel: C:/Users/chand/Desktop/JavaDev/Practice/Projects/Automatic-Email-Sender-Hr/uploads/hr.xlsx
2025-12-05 00:14:41 [scheduling-1] ERROR c.c.R.service.ExcelReaderService - Error reading Excel file: C:\Users\chand\Desktop\JavaDev\Practice\Projects\Automatic-Email-Sender-Hr\uploads\hr.xlsx (The system cannot find the path specified)
2025-12-05 00:14:41 [scheduling-1] ERROR o.s.s.s.TaskUtils$LoggingErrorHandler - Unexpected error occurred in scheduled task
java.lang.RuntimeException: Could not read Excel file
	at com.chandu.ResumeEmailSender.service.ExcelReaderService.readHrDetails(ExcelReaderService.java:61)
	at com.chandu.ResumeEmailSender.schedulars.EmailSchedulerService.initialize(EmailSchedulerService.java:41)
	at com.chandu.ResumeEmailSender.schedulars.EmailSchedulerService.sendNextEmail(EmailSchedulerService.java:57)
	at jdk.internal.reflect.GeneratedMethodAccessor16.invoke(Unknown Source)
	at java.base/jdk.internal.reflect.DelegatingMethodAccessorImpl.invoke(DelegatingMethodAccessorImpl.java:43)
	at java.base/java.lang.reflect.Method.invoke(Method.java:568)
	at org.springframework.scheduling.support.ScheduledMethodRunnable.runInternal(ScheduledMethodRunnable.java:130)
	at org.springframework.scheduling.support.ScheduledMethodRunnable.lambda$run$2(ScheduledMethodRunnable.java:124)
	at io.micrometer.observation.Observation.observe(Observation.java:498)
	at org.springframework.scheduling.support.ScheduledMethodRunnable.run(ScheduledMethodRunnable.java:124)
	at org.springframework.scheduling.config.Task$OutcomeTrackingRunnable.run(Task.java:85)
	at org.springframework.scheduling.support.DelegatingErrorHandlingRunnable.run(DelegatingErrorHandlingRunnable.java:54)
	at java.base/java.util.concurrent.Executors$RunnableAdapter.call(Executors.java:539)
	at java.base/java.util.concurrent.FutureTask.runAndReset(FutureTask.java:305)
	at java.base/java.util.concurrent.ScheduledThreadPoolExecutor$ScheduledFutureTask.run(ScheduledThreadPoolExecutor.java:305)
	at java.base/java.util.concurrent.ThreadPoolExecutor.runWorker(ThreadPoolExecutor.java:1136)
	at java.base/java.util.concurrent.ThreadPoolExecutor$Worker.run(ThreadPoolExecutor.java:635)
	at java.base/java.lang.Thread.run(Thread.java:833)
Caused by: java.io.FileNotFoundException: C:\Users\chand\Desktop\JavaDev\Practice\Projects\Automatic-Email-Sender-Hr\uploads\hr.xlsx (The system cannot find the path specified)
	at java.base/java.io.FileInputStream.open0(Native Method)
	at java.base/java.io.FileInputStream.open(FileInputStream.java:216)
	at java.base/java.io.FileInputStream.<init>(FileInputStream.java:157)
	at java.base/java.io.FileInputStream.<init>(FileInputStream.java:111)
	at com.chandu.ResumeEmailSender.service.ExcelReaderService.readHrDetails(ExcelReaderService.java:29)
	... 17 common frames omitted
2025-12-05 00:14:46 [scheduling-1] INFO  c.c.R.service.ExcelReaderService - Reading HR details from Excel: C:/Users/chand/Desktop/JavaDev/Practice/Projects/Automatic-Email-Sender-Hr/uploads/hr.xlsx
2025-12-05 00:14:46 [scheduling-1] ERROR c.c.R.service.ExcelReaderService - Error reading Excel file: C:\Users\chand\Desktop\JavaDev\Practice\Projects\Automatic-Email-Sender-Hr\uploads\hr.xlsx (The system cannot find the path specified)
2025-12-05 00:14:46 [scheduling-1] ERROR o.s.s.s.TaskUtils$LoggingErrorHandler - Unexpected error occurred in scheduled task
java.lang.RuntimeException: Could not read Excel file
	at com.chandu.ResumeEmailSender.service.ExcelReaderService.readHrDetails(ExcelReaderService.java:61)
	at com.chandu.ResumeEmailSender.schedulars.EmailSchedulerService.initialize(EmailSchedulerService.java:41)
	at com.chandu.ResumeEmailSender.schedulars.EmailSchedulerService.sendNextEmail(EmailSchedulerService.java:57)
	at jdk.internal.reflect.GeneratedMethodAccessor16.invoke(Unknown Source)
	at java.base/jdk.internal.reflect.DelegatingMethodAccessorImpl.invoke(DelegatingMethodAccessorImpl.java:43)
	at java.base/java.lang.reflect.Method.invoke(Method.java:568)
	at org.springframework.scheduling.support.ScheduledMethodRunnable.runInternal(ScheduledMethodRunnable.java:130)
	at org.springframework.scheduling.support.ScheduledMethodRunnable.lambda$run$2(ScheduledMethodRunnable.java:124)
	at io.micrometer.observation.Observation.observe(Observation.java:498)
	at org.springframework.scheduling.support.ScheduledMethodRunnable.run(ScheduledMethodRunnable.java:124)
	at org.springframework.scheduling.config.Task$OutcomeTrackingRunnable.run(Task.java:85)
	at org.springframework.scheduling.support.DelegatingErrorHandlingRunnable.run(DelegatingErrorHandlingRunnable.java:54)
	at java.base/java.util.concurrent.Executors$RunnableAdapter.call(Executors.java:539)
	at java.base/java.util.concurrent.FutureTask.runAndReset(FutureTask.java:305)
	at java.base/java.util.concurrent.ScheduledThreadPoolExecutor$ScheduledFutureTask.run(ScheduledThreadPoolExecutor.java:305)
	at java.base/java.util.concurrent.ThreadPoolExecutor.runWorker(ThreadPoolExecutor.java:1136)
	at java.base/java.util.concurrent.ThreadPoolExecutor$Worker.run(ThreadPoolExecutor.java:635)
	at java.base/java.lang.Thread.run(Thread.java:833)
Caused by: java.io.FileNotFoundException: C:\Users\chand\Desktop\JavaDev\Practice\Projects\Automatic-Email-Sender-Hr\uploads\hr.xlsx (The system cannot find the path specified)
	at java.base/java.io.FileInputStream.open0(Native Method)
	at java.base/java.io.FileInputStream.open(FileInputStream.java:216)
	at java.base/java.io.FileInputStream.<init>(FileInputStream.java:157)
	at java.base/java.io.FileInputStream.<init>(FileInputStream.java:111)
	at com.chandu.ResumeEmailSender.service.ExcelReaderService.readHrDetails(ExcelReaderService.java:29)
	... 17 common frames omitted
2025-12-05 00:14:51 [scheduling-1] INFO  c.c.R.service.ExcelReaderService - Reading HR details from Excel: C:/Users/chand/Desktop/JavaDev/Practice/Projects/Automatic-Email-Sender-Hr/uploads/hr.xlsx
2025-12-05 00:14:51 [scheduling-1] ERROR c.c.R.service.ExcelReaderService - Error reading Excel file: C:\Users\chand\Desktop\JavaDev\Practice\Projects\Automatic-Email-Sender-Hr\uploads\hr.xlsx (The system cannot find the path specified)
2025-12-05 00:14:51 [scheduling-1] ERROR o.s.s.s.TaskUtils$LoggingErrorHandler - Unexpected error occurred in scheduled task
java.lang.RuntimeException: Could not read Excel file
	at com.chandu.ResumeEmailSender.service.ExcelReaderService.readHrDetails(ExcelReaderService.java:61)
	at com.chandu.ResumeEmailSender.schedulars.EmailSchedulerService.initialize(EmailSchedulerService.java:41)
	at com.chandu.ResumeEmailSender.schedulars.EmailSchedulerService.sendNextEmail(EmailSchedulerService.java:57)
	at jdk.internal.reflect.GeneratedMethodAccessor16.invoke(Unknown Source)
	at java.base/jdk.internal.reflect.DelegatingMethodAccessorImpl.invoke(DelegatingMethodAccessorImpl.java:43)
	at java.base/java.lang.reflect.Method.invoke(Method.java:568)
	at org.springframework.scheduling.support.ScheduledMethodRunnable.runInternal(ScheduledMethodRunnable.java:130)
	at org.springframework.scheduling.support.ScheduledMethodRunnable.lambda$run$2(ScheduledMethodRunnable.java:124)
	at io.micrometer.observation.Observation.observe(Observation.java:498)
	at org.springframework.scheduling.support.ScheduledMethodRunnable.run(ScheduledMethodRunnable.java:124)
	at org.springframework.scheduling.config.Task$OutcomeTrackingRunnable.run(Task.java:85)
	at org.springframework.scheduling.support.DelegatingErrorHandlingRunnable.run(DelegatingErrorHandlingRunnable.java:54)
	at java.base/java.util.concurrent.Executors$RunnableAdapter.call(Executors.java:539)
	at java.base/java.util.concurrent.FutureTask.runAndReset(FutureTask.java:305)
	at java.base/java.util.concurrent.ScheduledThreadPoolExecutor$ScheduledFutureTask.run(ScheduledThreadPoolExecutor.java:305)
	at java.base/java.util.concurrent.ThreadPoolExecutor.runWorker(ThreadPoolExecutor.java:1136)
	at java.base/java.util.concurrent.ThreadPoolExecutor$Worker.run(ThreadPoolExecutor.java:635)
	at java.base/java.lang.Thread.run(Thread.java:833)
Caused by: java.io.FileNotFoundException: C:\Users\chand\Desktop\JavaDev\Practice\Projects\Automatic-Email-Sender-Hr\uploads\hr.xlsx (The system cannot find the path specified)
	at java.base/java.io.FileInputStream.open0(Native Method)
	at java.base/java.io.FileInputStream.open(FileInputStream.java:216)
	at java.base/java.io.FileInputStream.<init>(FileInputStream.java:157)
	at java.base/java.io.FileInputStream.<init>(FileInputStream.java:111)
	at com.chandu.ResumeEmailSender.service.ExcelReaderService.readHrDetails(ExcelReaderService.java:29)
	... 17 common frames omitted
2025-12-05 00:14:54 [SpringApplicationShutdownHook] INFO  org.quartz.core.QuartzScheduler - Scheduler quartzScheduler_$_NON_CLUSTERED paused.
2025-12-05 00:14:54 [SpringApplicationShutdownHook] INFO  o.s.b.w.e.tomcat.GracefulShutdown - Commencing graceful shutdown. Waiting for active requests to complete
2025-12-05 00:14:54 [tomcat-shutdown] INFO  o.s.b.w.e.tomcat.GracefulShutdown - Graceful shutdown complete
2025-12-05 00:14:54 [SpringApplicationShutdownHook] INFO  o.s.s.quartz.SchedulerFactoryBean - Shutting down Quartz Scheduler
2025-12-05 00:14:54 [SpringApplicationShutdownHook] INFO  org.quartz.core.QuartzScheduler - Scheduler quartzScheduler_$_NON_CLUSTERED shutting down.
2025-12-05 00:14:54 [SpringApplicationShutdownHook] INFO  org.quartz.core.QuartzScheduler - Scheduler quartzScheduler_$_NON_CLUSTERED paused.
2025-12-05 00:14:54 [SpringApplicationShutdownHook] INFO  org.quartz.core.QuartzScheduler - Scheduler quartzScheduler_$_NON_CLUSTERED shutdown complete.
2025-12-05 00:14:56 [restartedMain] INFO  c.c.R.ResumeEmailSenderApplication - Starting ResumeEmailSenderApplication using Java 17.0.5 with PID 5928 (C:\Users\chand\Desktop\JavaDev\Practices\Projects\Automatic-Email-Sender-Hr\target\classes started by chand in C:\Users\chand\Desktop\JavaDev\Practices\Projects\Automatic-Email-Sender-Hr)
2025-12-05 00:14:56 [restartedMain] INFO  c.c.R.ResumeEmailSenderApplication - No active profile set, falling back to 1 default profile: "default"
2025-12-05 00:14:56 [restartedMain] INFO  o.s.b.d.e.DevToolsPropertyDefaultsPostProcessor - Devtools property defaults active! Set 'spring.devtools.add-properties' to 'false' to disable
2025-12-05 00:14:56 [restartedMain] INFO  o.s.b.d.e.DevToolsPropertyDefaultsPostProcessor - For additional web related logging consider setting the 'logging.level.web' property to 'DEBUG'
2025-12-05 00:14:57 [restartedMain] INFO  o.s.b.w.e.tomcat.TomcatWebServer - Tomcat initialized with port 8080 (http)
2025-12-05 00:14:57 [restartedMain] INFO  o.a.catalina.core.StandardService - Starting service [Tomcat]
2025-12-05 00:14:57 [restartedMain] INFO  o.a.catalina.core.StandardEngine - Starting Servlet engine: [Apache Tomcat/10.1.34]
2025-12-05 00:14:57 [restartedMain] INFO  o.a.c.c.C.[Tomcat].[localhost].[/] - Initializing Spring embedded WebApplicationContext
2025-12-05 00:14:57 [restartedMain] INFO  o.s.b.w.s.c.ServletWebServerApplicationContext - Root WebApplicationContext: initialization completed in 1358 ms
2025-12-05 00:14:58 [restartedMain] INFO  org.quartz.impl.StdSchedulerFactory - Using default implementation for ThreadExecutor
2025-12-05 00:14:58 [restartedMain] INFO  o.quartz.core.SchedulerSignalerImpl - Initialized Scheduler Signaller of type: class org.quartz.core.SchedulerSignalerImpl
2025-12-05 00:14:58 [restartedMain] INFO  org.quartz.core.QuartzScheduler - Quartz Scheduler v.2.3.2 created.
2025-12-05 00:14:58 [restartedMain] INFO  org.quartz.simpl.RAMJobStore - RAMJobStore initialized.
2025-12-05 00:14:58 [restartedMain] INFO  org.quartz.core.QuartzScheduler - Scheduler meta-data: Quartz Scheduler (v2.3.2) 'quartzScheduler' with instanceId 'NON_CLUSTERED'
  Scheduler class: 'org.quartz.core.QuartzScheduler' - running locally.
  NOT STARTED.
  Currently in standby mode.
  Number of jobs executed: 0
  Using thread pool 'org.quartz.simpl.SimpleThreadPool' - with 10 threads.
  Using job-store 'org.quartz.simpl.RAMJobStore' - which does not support persistence. and is not clustered.

2025-12-05 00:14:58 [restartedMain] INFO  org.quartz.impl.StdSchedulerFactory - Quartz scheduler 'quartzScheduler' initialized from an externally provided properties instance.
2025-12-05 00:14:58 [restartedMain] INFO  org.quartz.impl.StdSchedulerFactory - Quartz scheduler version: 2.3.2
2025-12-05 00:14:58 [restartedMain] INFO  org.quartz.core.QuartzScheduler - JobFactory set to: org.springframework.scheduling.quartz.SpringBeanJobFactory@6a8a63ea
2025-12-05 00:14:58 [restartedMain] INFO  o.s.b.d.a.OptionalLiveReloadServer - LiveReload server is running on port 35729
2025-12-05 00:14:58 [restartedMain] INFO  o.s.b.a.e.web.EndpointLinksResolver - Exposing 1 endpoint beneath base path '/actuator'
2025-12-05 00:14:58 [restartedMain] INFO  o.s.b.w.e.tomcat.TomcatWebServer - Tomcat started on port 8080 (http) with context path '/'
2025-12-05 00:14:58 [restartedMain] INFO  o.s.s.quartz.SchedulerFactoryBean - Starting Quartz Scheduler now
2025-12-05 00:14:58 [restartedMain] INFO  org.quartz.core.QuartzScheduler - Scheduler quartzScheduler_$_NON_CLUSTERED started.
2025-12-05 00:14:58 [restartedMain] INFO  c.c.R.ResumeEmailSenderApplication - Started ResumeEmailSenderApplication in 3.012 seconds (process running for 3.42)
2025-12-05 00:14:58 [scheduling-1] INFO  c.c.R.service.ExcelReaderService - Reading HR details from Excel: C:/Users/chand/Desktop/JavaDev/Practices/Projects/Automatic-Email-Sender-Hr/uploads/hr.xlsx
2025-12-05 00:14:59 [scheduling-1] WARN  c.c.R.service.ExcelReaderService - Skipping invalid email at row 9: WhatsApp: 9259142957
2025-12-05 00:14:59 [scheduling-1] WARN  c.c.R.service.ExcelReaderService - Skipping invalid email at row 10: Apply link (Sparkz)
2025-12-05 00:14:59 [scheduling-1] WARN  c.c.R.service.ExcelReaderService - Skipping invalid email at row 17: shiwali@xpertladr.com / hr@xpertladr.com
2025-12-05 00:14:59 [scheduling-1] WARN  c.c.R.service.ExcelReaderService - Skipping invalid email at row 20: DM (Profile Post)
2025-12-05 00:14:59 [scheduling-1] WARN  c.c.R.service.ExcelReaderService - Skipping invalid email at row 24: DM (Profile Post)
2025-12-05 00:14:59 [scheduling-1] WARN  c.c.R.service.ExcelReaderService - Skipping invalid email at row 28: Apply via link
2025-12-05 00:14:59 [scheduling-1] WARN  c.c.R.service.ExcelReaderService - Skipping invalid email at row 30: Apply via LinkedIn
2025-12-05 00:14:59 [scheduling-1] WARN  c.c.R.service.ExcelReaderService - Skipping invalid email at row 34: Email via LinkedIn
2025-12-05 00:14:59 [scheduling-1] WARN  c.c.R.service.ExcelReaderService - Skipping invalid email at row 36: via LinkedIn
2025-12-05 00:14:59 [scheduling-1] WARN  c.c.R.service.ExcelReaderService - Skipping invalid email at row 38: No direct mail
2025-12-05 00:14:59 [scheduling-1] WARN  c.c.R.service.ExcelReaderService - Skipping invalid email at row 39: Apply via link
2025-12-05 00:14:59 [scheduling-1] WARN  c.c.R.service.ExcelReaderService - Skipping invalid email at row 45: Apply Link
2025-12-05 00:14:59 [scheduling-1] WARN  c.c.R.service.ExcelReaderService - Skipping invalid email at row 46: No email
2025-12-05 00:14:59 [scheduling-1] WARN  c.c.R.service.ExcelReaderService - Skipping invalid email at row 49: No email
2025-12-05 00:14:59 [scheduling-1] WARN  c.c.R.service.ExcelReaderService - Skipping invalid email at row 50: Application Link
2025-12-05 00:14:59 [scheduling-1] WARN  c.c.R.service.ExcelReaderService - Skipping invalid email at row 55: DM inbox
2025-12-05 00:14:59 [scheduling-1] WARN  c.c.R.service.ExcelReaderService - Skipping invalid email at row 58: Careers page
2025-12-05 00:14:59 [scheduling-1] WARN  c.c.R.service.ExcelReaderService - Skipping invalid email at row 62: Apply via link
2025-12-05 00:14:59 [scheduling-1] WARN  c.c.R.service.ExcelReaderService - Skipping invalid email at row 65: Contact recruiter
2025-12-05 00:14:59 [scheduling-1] WARN  c.c.R.service.ExcelReaderService - Skipping invalid email at row 69: Apply via link
2025-12-05 00:14:59 [scheduling-1] WARN  c.c.R.service.ExcelReaderService - Skipping invalid email at row 71: Apply via link
2025-12-05 00:14:59 [scheduling-1] WARN  c.c.R.service.ExcelReaderService - Skipping invalid email at row 74: Apply via link
2025-12-05 00:14:59 [scheduling-1] WARN  c.c.R.service.ExcelReaderService - Skipping invalid email at row 76: Apply via link
2025-12-05 00:14:59 [scheduling-1] INFO  c.c.R.service.ExcelReaderService - Total Valid HR Records: 56
2025-12-05 00:14:59 [scheduling-1] INFO  c.c.R.s.EmailSchedulerService - Loaded 56 HR entries
2025-12-05 00:15:05 [scheduling-1] INFO  c.c.R.service.EmailService - 📩 Email sent to jayaramnaik5697@gmail.com
2025-12-05 00:15:16 [scheduling-1] INFO  c.c.R.service.EmailService - 📩 Email sent to info@nconsultingsolutions.com
2025-12-05 00:15:27 [scheduling-1] INFO  c.c.R.service.EmailService - 📩 Email sent to ramya@miti.us
2025-12-05 00:15:32 [http-nio-8080-exec-1] INFO  o.a.c.c.C.[Tomcat].[localhost].[/] - Initializing Spring DispatcherServlet 'dispatcherServlet'
2025-12-05 00:15:32 [http-nio-8080-exec-1] INFO  o.s.web.servlet.DispatcherServlet - Initializing Servlet 'dispatcherServlet'
2025-12-05 00:15:32 [http-nio-8080-exec-1] INFO  o.s.web.servlet.DispatcherServlet - Completed initialization in 1 ms
2025-12-05 00:15:37 [scheduling-1] INFO  c.c.R.service.EmailService - 📩 Email sent to careers@mystafflink.co
2025-12-05 00:15:47 [scheduling-1] INFO  c.c.R.service.EmailService - 📩 Email sent to pushpa@abhibus.com
2025-12-05 00:15:58 [scheduling-1] INFO  c.c.R.service.EmailService - 📩 Email sent to priyanshug@acestackllc.com
2025-12-05 00:16:09 [scheduling-1] INFO  c.c.R.service.EmailService - 📩 Email sent to info@elitehivestaffing.com
2025-12-05 00:16:14 [scheduling-1] INFO  c.c.R.s.EmailSchedulerService - Skipped → Impetus | Loc=Indore | Exp=2–8 yrs
2025-12-05 00:16:19 [scheduling-1] INFO  c.c.R.s.EmailSchedulerService - Skipped → Flint International | Loc=Riyadh (On-site) | Exp=1+ yrs
2025-12-05 00:16:29 [scheduling-1] INFO  c.c.R.service.EmailService - 📩 Email sent to Vyshnavi.Venigallav@hankersystems.in
2025-12-05 00:16:42 [scheduling-1] INFO  c.c.R.service.EmailService - 📩 Email sent to josephandrews1982@gmail.com
2025-12-05 00:16:52 [scheduling-1] INFO  c.c.R.service.EmailService - 📩 Email sent to sowmyasri@mlopssol.com
2025-12-05 00:17:02 [scheduling-1] INFO  c.c.R.service.EmailService - 📩 Email sent to hhassan@tgs-eg.com
2025-12-05 00:17:13 [scheduling-1] INFO  c.c.R.service.EmailService - 📩 Email sent to swetha@krishpar.com
2025-12-05 00:17:18 [scheduling-1] INFO  c.c.R.s.EmailSchedulerService - Skipped → HyreSnap | Loc=Bangalore | Exp=1–5 yrs
2025-12-05 00:17:28 [scheduling-1] INFO  c.c.R.service.EmailService - 📩 Email sent to suwasthigathiyagarajan@gmail.com
2025-12-05 00:17:33 [scheduling-1] INFO  c.c.R.s.EmailSchedulerService - Skipped → RulesIQ | Loc=Westlake, TX (Hybrid) | Exp=5+ yrs
2025-12-05 00:17:38 [scheduling-1] INFO  c.c.R.s.EmailSchedulerService - Skipped → TechCreatix | Loc=Lahore (Onsite) | Exp=1–2 yrs
2025-12-05 00:17:43 [scheduling-1] INFO  c.c.R.s.EmailSchedulerService - Skipped → Kertreedz | Loc=Ottawa (Hybrid) | Exp=3–6 yrs
2025-12-05 00:17:48 [scheduling-1] INFO  c.c.R.s.EmailSchedulerService - Skipped → MetrixIT | Loc=Austin, TX (Onsite) | Exp=6 yrs
2025-12-05 00:17:53 [scheduling-1] INFO  c.c.R.s.EmailSchedulerService - Skipped → Logisoft Tech | Loc=Columbus, OH (Hybrid) | Exp=3+ yrs
2025-12-05 00:17:58 [scheduling-1] INFO  c.c.R.s.EmailSchedulerService - Skipped → Logisoft Tech (2nd) | Loc=Columbus, OH | Exp=3+ yrs
2025-12-05 00:18:03 [scheduling-1] INFO  c.c.R.s.EmailSchedulerService - Skipped → Dikshatek | Loc=Jakarta (Hybrid) | Exp=1+ yrs
2025-12-05 00:18:08 [scheduling-1] INFO  c.c.R.s.EmailSchedulerService - Skipped → Adecco | Loc=Kuala Lumpur | Exp=3–5 yrs
2025-12-05 00:18:13 [scheduling-1] INFO  c.c.R.s.EmailSchedulerService - Skipped → TAJDID Corp. | Loc=Malaysia | Exp=1–3 yrs
2025-12-05 00:18:18 [scheduling-1] INFO  c.c.R.s.EmailSchedulerService - Skipped → Dikshatek (2nd) | Loc=Jakarta | Exp=1+ yrs
2025-12-05 00:18:23 [scheduling-1] INFO  c.c.R.s.EmailSchedulerService - Skipped → Adecco (2nd) | Loc=Bangsar South, KL | Exp=3–5 yrs
2025-12-05 00:18:28 [scheduling-1] INFO  c.c.R.s.EmailSchedulerService - Skipped → TAJDID Corp. (2nd) | Loc=Malaysia | Exp=1–3 yrs
2025-12-05 00:18:39 [scheduling-1] INFO  c.c.R.service.EmailService - 📩 Email sent to hhassan@tgs-eg.com
2025-12-05 00:18:44 [scheduling-1] INFO  c.c.R.s.EmailSchedulerService - Skipped → Qvanto AI | Loc=Not specified | Exp=3–5 Years
2025-12-05 00:18:49 [scheduling-1] INFO  c.c.R.s.EmailSchedulerService - Skipped → Alchemy Techsol | Loc=NYC (Hybrid) | Exp=5–10 yrs (Java req 2–3 yrs)
2025-12-05 00:18:54 [scheduling-1] INFO  c.c.R.s.EmailSchedulerService - Skipped → Qvanto AI (2nd) | Loc=Not specified | Exp=3–5 Years
2025-12-05 00:19:04 [scheduling-1] INFO  c.c.R.service.EmailService - 📩 Email sent to careers@vaasits.com
2025-12-05 00:19:09 [scheduling-1] INFO  c.c.R.s.EmailSchedulerService - Skipped → ConsultHagnos | Loc=Bangalore | Exp=3+ Years
2025-12-05 00:19:14 [scheduling-1] INFO  c.c.R.s.EmailSchedulerService - Skipped → Coastal Seven Consulting | Loc=Mangalagiri | Exp=2–4 Years
2025-12-05 00:19:24 [scheduling-1] INFO  c.c.R.service.EmailService - 📩 Email sent to hr@recapet.com
2025-12-05 00:19:34 [scheduling-1] INFO  c.c.R.service.EmailService - 📩 Email sent to priyatharsine.s@fcsglobal.us
2025-12-05 00:19:39 [scheduling-1] INFO  c.c.R.s.EmailSchedulerService - Skipped → The Optimum | Loc=Malaysia | Exp=6 yrs
2025-12-05 00:19:45 [scheduling-1] INFO  c.c.R.s.EmailSchedulerService - Skipped → The Optimum (FS Role) | Loc=Malaysia | Exp=3+ yrs
2025-12-05 00:19:56 [scheduling-1] INFO  c.c.R.service.EmailService - 📩 Email sent to recruit@giantmindsolutions.com
2025-12-05 00:20:01 [scheduling-1] INFO  c.c.R.s.EmailSchedulerService - Skipped → Nidhi Kaur | Loc=Noida/Gurgaon | Exp=3–5 yrs
2025-12-05 00:20:11 [scheduling-1] INFO  c.c.R.service.EmailService - 📩 Email sent to vino@fcsglobal.us
2025-12-05 00:20:21 [scheduling-1] INFO  c.c.R.service.EmailService - 📩 Email sent to klatha@fcsglobal.us
2025-12-05 00:20:31 [scheduling-1] INFO  c.c.R.service.EmailService - 📩 Email sent to satyamounika.a@techno-facts.com
2025-12-05 00:20:36 [scheduling-1] INFO  c.c.R.s.EmailSchedulerService - Skipped → Venpa Staffing | Loc=Chennai | Exp=3–8 yrs
2025-12-05 00:20:47 [scheduling-1] INFO  c.c.R.service.EmailService - 📩 Email sent to hhassan@tgs-eg.com
2025-12-05 00:20:57 [scheduling-1] INFO  c.c.R.service.EmailService - 📩 Email sent to vijaya.lakshmi@giantmindsolutions.com
2025-12-05 00:21:02 [scheduling-1] INFO  c.c.R.s.EmailSchedulerService - Skipped → Code Graphers | Loc=Lahore | Exp=2–3 yrs
2025-12-05 00:21:07 [scheduling-1] INFO  c.c.R.s.EmailSchedulerService - Skipped → Verinite Technologies | Loc=Chennai | Exp=2+ yrs
2025-12-05 00:21:12 [scheduling-1] INFO  c.c.R.s.EmailSchedulerService - Skipped → Avows Tech | Loc=Kuala Lumpur | Exp=3 yrs
2025-12-05 00:21:17 [scheduling-1] INFO  c.c.R.s.EmailSchedulerService - Skipped → Ampcus Tech | Loc=Nashik | Exp=2–5 yrs
2025-12-05 00:21:28 [scheduling-1] INFO  c.c.R.service.EmailService - 📩 Email sent to mounika.g@techno-facts.com
2025-12-05 00:21:33 [scheduling-1] INFO  c.c.R.s.EmailSchedulerService - Skipped → Eulermotors | Loc=Delhi | Exp=3–5 yrs
2025-12-05 00:21:38 [scheduling-1] INFO  c.c.R.s.EmailSchedulerService - Skipped → Nityo | Loc=Philippines (Hybrid) | Exp=2+ yrs
2025-12-05 00:21:43 [scheduling-1] INFO  c.c.R.s.EmailSchedulerService - Skipped → JBAS | Loc=BLR / HYD / MUM | Exp=3–5 yrs
2025-12-05 00:21:48 [scheduling-1] INFO  c.c.R.s.EmailSchedulerService - Skipped → JBAS (2nd) | Loc=BLR / HYD / MUM | Exp=3–5 yrs
2025-12-05 00:21:53 [scheduling-1] INFO  c.c.R.s.EmailSchedulerService - All emails processed.
2025-12-05 00:21:56 [Thread-7] INFO  org.quartz.core.QuartzScheduler - Scheduler quartzScheduler_$_NON_CLUSTERED paused.
2025-12-05 00:21:56 [Thread-7] INFO  o.s.b.w.e.tomcat.GracefulShutdown - Commencing graceful shutdown. Waiting for active requests to complete
2025-12-05 00:21:56 [tomcat-shutdown] INFO  o.s.b.w.e.tomcat.GracefulShutdown - Graceful shutdown complete
2025-12-05 00:21:56 [Thread-7] INFO  o.s.s.quartz.SchedulerFactoryBean - Shutting down Quartz Scheduler
2025-12-05 00:21:56 [Thread-7] INFO  org.quartz.core.QuartzScheduler - Scheduler quartzScheduler_$_NON_CLUSTERED shutting down.
2025-12-05 00:21:56 [Thread-7] INFO  org.quartz.core.QuartzScheduler - Scheduler quartzScheduler_$_NON_CLUSTERED paused.
2025-12-05 00:21:56 [Thread-7] INFO  org.quartz.core.QuartzScheduler - Scheduler quartzScheduler_$_NON_CLUSTERED shutdown complete.
